Slovak,Ukrainian
to,що
sa,з
je,є
si,ти є
som,я
a,a
na,на
že,що
čo,що
nie,немає
v,v
ako,як
tak,так
ale,але
by,би
s,з
mi,мене
o,о
tu,тут
do,до
ja,мене
sme,ми є
ste,ти є
áno,так
z,від
len,тільки
ma,у мене є
už,вже
aby,до
dobre,добре
ho,його
keď,коли
ak,якщо
ty,ти
ti,ти
za,для
ťa,ти
bol,був
pre,для
sú,вони є
tam,НАТИСНІТЬ
prečo,чому
niečo,щось
toto,це
no,добре
teraz,тепер
aj,також
hej,привіт
mám,я маю
byť,бути
ich,їх
bude,буде
ju,її
takže,так
ten,один
všetko,все
tom,том
nič,нічого
vás,ти
kde,де
kto,ВООЗ
k,k
po,Пн
bolo,це було
bola,вона була
ešte,ще
vám,ти
toho,що
alebo,або
jej,її
má,має
môj,моя
jeho,його
myslím,я думаю
máš,у вас є
viem,я знаю
vieš,ви знаєте
mňa,мене
poriadku,порядок
tým,команда
veľmi,дуже багато
mal,мав
prosím,будь ласка
potom,після цього
nikdy,ніколи
možno,можливо
od,від
nás,нас
ani,ні
so,сб
povedal,сказав він
chcem,я хочу
neviem,я не знаю
mu,його
ďakujem,дякую
ísť,йти
vy,ти
naozaj,дійсно
stále,завжди
teba,ти
pretože,тому що
viac,більше
chceš,ти хочеш
oh,ох
povedať,сказати
nám,нас
ahoj,привіт
on,він
pred,раніше
máme,у нас є
boli,вони були
moja,моя
musím,я повинен
tie,ті
vo,в
sem,ТЯГНУТЬ
môžem,я можу
dnes,сьогодні
budem,я буду
ktorý,який
niekto,хтось
práve,прямо зараз
pane,сер
mali,вони мали
pán,пан
poďme,ходімо
všetci,кожен
pozri,подивіться
myslíš,ти маєш на увазі
či,чи
mať,мати
nemôžem,я не можу
čas,час
asi,ймовірно
ktoré,який
keby,якщо
veľa,багато
vždy,завжди
tiež,теж
moje,моя
poď,давай
mala,вона мала
stalo,сталося
trochu,трохи
my,ми
ľudia,людей
tomu,до того
pri,в
deň,день
máte,у вас є
tú,той
musíme,ми повинні
iba,тільки
tvoj,твоя
rád,щасливий
bože,Бог
otec,батько
tento,цей
tá,один
jeden,один
bez,без
chcel,він хотів
mohol,міг би
jasné,ясно
veci,речі
zo,від
robiť,робити
ide,це йде
dobrý,добре
budeš,ви будете
ok,добре
mnou,мною
môže,може
viete,ви знаєте
kým,поки
mne,мене
až,поки
presne,точно
môžeš,ви можете
život,життя
ľudí,людей
dosť,досить
vážne,серйозно
preto,тому
dobré,добре
späť,назад
všetky,всі вони
tebou,тобою
urobiť,робити
deje,відбувається
robíš,ви робите
vedieť,знати
prepáč,мені шкода
vďaka,дякую
však,проте
musíš,ви повинні
povedala,сказала вона
ona,вона
budeme,ми будемо
nikto,ніхто
kvôli,через
lebo,тому що
domov,додому
teda,так
pravdu,правда
vec,річ
nech,нехай
hneď,тепер
im,ім
každý,кожен
svoje,власні
myslel,думав
než,ніж
kedy,коли
pár,пара
tvoja,твоя
prepáčte,мені шкода
nechcem,Я не хочу
rokov,років
choď,йти
povedz,сказати
potrebujem,мені потрібно
daj,давай
miesto,місце
nemám,я не маю
svoju,свій власний
videl,він бачив
samozrejme,звичайно
raz,один раз
chce,хоче
takto,як це
také,теж
mohli,вони могли
preč,геть
noc,ніч
ním,ним
nejaké,деякі
idem,я йду
spolu,разом
vlastne,насправді
problém,проблема
musí,повинен
žiadne,немає
počkaj,чекати
chcete,ти хочеш
vôbec,взагалі
lepšie,краще
vidieť,побачити
môžeme,ми можемо
urobil,він зробив
tvoje,твоя
tebe,ти
dostať,отримати
prišiel,він прийшов
peniaze,гроші
hovoriť,говорити
kurva,повія
vyzerá,виглядає як
ktorá,який
mama,мама
dlho,довгий час
kam,де
niekedy,іноді
von,поза
príliš,занадто багато
nich,їх
sám,поодинці
celý,ціле
úplne,повністю
tej,той
rada,ради
určite,напевно
nuž,добре
môžete,ви можете
pod,під
ráno,вранці
fajn,добре
váš,твоя
seba,себе
pomôcť,допомогти
večer,ввечері
aký,що
nebude,це не буде
dieťa,дитина
cez,через
deti,дітей
niekoho,хтось
u,u
všetkých,кожен
aké,який вид
majú,вони мають
mojej,моя
tých,ті
rýchlo,швидко
pravda,правда
taký,як то
istý,певний
znamená,засоби
môjho,моя
tieto,ці
koľko,скільки
predtým,раніше
medzi,між
dať,дати
tejto,цей
čom,що
chcela,вона хотіла
neho,його
muž,людина
meno,назва
ideme,ми йдемо
dievča,дівчина
budú,вони будуть
dva,два
tri,три
nebol,він не був
nejaký,деякі
svoj,власні
podľa,відповідно до
mohla,вона могла
žena,жінка
nájsť,знайти
pani,місіс
vaše,твоя
budete,ви будете
ľúto,вибачте
pozrite,подивіться
veď,адже
zajtra,завтра
moju,моя
hovorí,каже він
ktorú,який
správne,правильно
túto,цей
hore,вгору
dostal,отримав
super,чудово
ďalej,наступний
naše,наш
vedel,він знав
tomto,цей
náš,наш
chvíľu,деякий час
dal,він дав
vidím,Я бачу
prácu,працювати
prestaň,припини це
proste,просто
vie,знає
okej,гаразд
jedno,не має значення
mami,мама
pohode,круто
dole,вниз
myslíte,ти маєш на увазі
aspoň,принаймні
vaša,твоя
nej,її
táto,цей
jedna,один
i,i
pomoc,допомогти
oni,вони
robí,робить
poviem,Я скажу
nemôžeš,ти не можеш
dve,два
ku,до
skôr,раніше
človek,людина
ktorí,ВООЗ
radšej,швидше
doktor,лікар
zlé,погано
nechaj,залишити це
páči,мені подобається
myslela,вона мала на увазі
pozor,УВАГА
auto,автомобіль
nami,нами
dúfam,Я сподіваюся
skoro,майже
čože,що
ňou,нею
nemá,не має
proti,проти
nemal,він не мав
neskôr,пізніше
jednu,один
iné,інші
odtiaľto,звідси
hovorím,кажу я
zabiť,вбивати
nad,вище
hovoril,він говорив
prvý,перший
vami,тобою
svojho,свій власний
musíte,ви повинні
milujem,я люблю
počul,чув
zdá,здається
skvelé,чудово
dobrá,добре
doma,вдома
znova,знову
koho,кому
hovoríš,ти кажеш
fakt,факт
och,ох
dvere,двері
zlatko,дитина
minút,хвилин
sebe,себе
nebolo,це не було
našiel,знайдено
chlap,хлопець
počúvaj,слухати
musieť,повинні
pekla,пекло
nebudem,Я не буду
okolo,навколо
riti,дупа
zabil,убитий
matka,мати
uh,ну
mŕtvy,мертвий
videla,вона побачила
dvaja,два
príde,прийде
nemôže,він не може
veľký,великий
vidíš,ви бачите
času,час
prišli,вони прийшли
tohto,цей
ideš,ти йдеш
našli,вони знайшли
tvoju,твоя
uvidíme,ми побачимо
číslo,номер
celé,ціле
sama,поодинці
haló,привіт
dom,будинок
čokoľvek,що завгодно
nemáš,ти не маєш
práca,працювати
musel,він повинен був
jedného,один
vrátiť,повернення
buď,або
potrebujeme,нам потрібно
taká,як то
nápad,ідея
otca,батько
slečna,Міс
celkom,цілком
nemyslím,Я так не думаю
cítim,я відчуваю
zbraň,зброя
života,життя
nebola,вона не була
svet,світ
noci,ночі
vonku,назовні
spraviť,робити
prišla,вона прийшла
moc,потужність
pokiaľ,хіба що
skutočne,дійсно
svete,світ
žiadny,немає
svojej,твоя
zlato,дитина
včera,вчора
dám,Я віддам
malý,маленький
pekne,приємно
koniec,кінець
the,в
ruky,руками
dôvod,причина
práce,працювати
co,що
rok,рік
volá,він дзвонить
počkať,чекати
ňu,її
odísť,залишити
nechať,залишити
tí,ті
stane,станеться
dnu,в
inak,інакше
prísť,прийти
ťažké,важко
ceste,дорога
zatiaľ,поки що
vtedy,в той час
najlepšie,найкращий
sebou,з собою
problémy,проблеми
pocit,почуття
prípade,справа
celú,ціле
možné,можливо
povedali,вони сказали
iste,впевнений
znovu,знову
dajte,дати
páni,панове
predsa,адже
dobrú,хороший
chlapec,хлопчик
roky,років
čím,що
istá,певний
ach,ох
dokonca,навіть
videli,вони бачили
žiť,жити
poďte,давай
niekde,десь
ďalší,ще один
iný,інший
vieme,ми знаємо
syn,син
spôsob,спосіб
nemáme,ми не маємо
toľko,так багато
poznám,я знаю
ňom,його
priateľ,друг
nemôžeme,ми не можемо
týždeň,тиждень
pozrieť,подивіться
brat,брат
boh,бог
nový,новий
spravil,він зробив
chlapci,хлопці
sakra,пекло
robíte,ви робите
zle,погано
tvojej,твоя
naša,наш
akoby,ніби
robím,я роблю
pekné,приємно
pôjdem,Я піду
cestu,шлях
ženy,жінки
zase,знову
znie,звуки
hodín,години
nimi,ними
oci,очі
oči,очі
dá,так
okrem,крім
chápem,я розумію
pripravený,готовий
chceli,вони хотіли
konečne,нарешті
telo,тіло
aká,що
mieste,місце
ano,так
mojom,моя
potrebuje,потреби
mojich,моя
veľké,великий
domu,будинок
priamo,безпосередньо
človeče,людина
počas,протягом
počkajte,чекати
nechceš,ти не хочеш
jediný,єдиний
kapitán,капітан
týchto,ці
rozumiem,я розумію
zdravím,вітання
môžu,вони можуть
slovo,слово
urobila,вона зробила
mohlo,міг би
smrť,смерть
nové,новий
krát,разів
príbeh,історія
robil,зробив
srdce,серце
chcú,вони хочуть
jednoducho,просто
hlavu,голова
drž,утримувати
muža,чоловік
porozprávať,розмовляти
choďte,йти
prípad,справа
plán,планувати
mimo,назовні
nepovedal,він не сказав
vedela,вона знала
isté,певний
neskoro,пізно
povedzte,сказати
tvojho,твоя
dostali,вони отримали
pravdepodobne,ймовірно
vašu,твоя
vecí,речі
svojich,свої власні
nechcel,він не хотів
živote,життя
ďalšie,наступний
ze,що
hrať,грати
john,Джон
rodina,родина
ženu,жінка
kámo,чувак
dôležité,важливо
dolárov,доларів
nejakú,деякі
týmto,цим
smrti,смерть
myslí,думає він
vziať,взяти
ticho,тиша
dni,днів
dome,до будинку
šancu,шанс
jo,так
veriť,вірити
sestra,сестра
starý,старий
päť,п'ять
nevieš,ти не знаєш
loď,корабель
odkiaľ,звідки
malé,маленький
mrzí,вибачте
našej,наш
ďaleko,далеко
new,новий
úžasné,чудовий
nemohol,він не міг
nevidel,він не бачив
okay,гаразд
obaja,вони обидва
šťastie,удача
všetkým,кожному
dvoch,два
nemali,вони не мали
žiadna,немає
dní,днів
dr.,доктор
nemala,вона не мала
potrebovať,потребувати
jedlo,харчування
zostať,залишитися
ktorého,чий
sam,поодинці
zmysel,сенс
rovnako,також
rokmi,роками
malo,мало
čoskoro,скоро
snažím,Я стараюсь
nechajte,залишити це
you,ти
treba,потрібно
hodiny,години
vyzeráš,ти дивишся
potrebuješ,вам потрібно
ocko,тато
strane,бік
dňa,день
dala,вона дала
yeah,так
nechal,він пішов
jediná,єдиний
zomrel,він помер
pracovať,працювати
madam,пані
priatelia,друзі
oveľa,багато
urobím,я зроблю
časť,частина
ó,о
ruku,руку
počuť,почути
zastaviť,щоб зупинитися
telefón,телефон
vašej,твоя
nikoho,ніхто
krv,кров
najprv,перший
nevedel,він не знав
najlepší,найкращий
našich,наш
takmer,майже
čau,до побачення
zem,землі
dostala,вона отримала
chyba,помилка
ktorých,який
začal,почав він
nemusíš,тобі не потрібно
mesta,міст
opäť,знову
urobili,вони зробили
ktorej,який
aha,ага
stačí,цього досить
správy,повідомлення
práci,працювати
charlie,Чарлі
láska,любов
išiel,він пішов
mesto,місто
jack,Джек
strach,страх
zlý,погано
volám,Я дзвоню
čase,час
školy,школи
chceme,ми хочемо
začať,почати
kamoš,приятель
našla,вона знайшла
neboj,не хвилюйся
tvár,обличчя
moji,моя
počula,вона почула
syna,син
zavolať,дзвонити
niekoľko,декілька
nevie,він не знає
zemi,землі
povieš,ти кажеш
rodinu,родина
našu,наш
pamätáš,ти пам'ятаєш
polícia,ПОЛІЦІЯ
nemôžete,ти не можеш
roku,рік
naspäť,назад
pôjdeme,ми підемо
štyri,чотири
poznáš,ви знаєте
odišiel,він пішов
sveta,світу
robia,вони роблять
chlape,людина
rozprávať,розмовляти
párty,вечірка
spať,спати
pekný,красивий
veľká,великий
verím,Я вірю
nerob,не роби
skutočnosti,факти
meste,місто
nemáte,ти не маєш
zbrane,зброї
dali,вони дали
auta,автомобілі
cesty,дороги
uveriť,вірити
zistiť,щоб дізнатися
nechce,не хоче
nakoniec,нарешті
chlapče,хлопчик
ono,це
mysli,розум
dcéra,дочка
pána,пан
všade,всюди
tou,один
vzal,взяв
zavolám,Я подзвоню
dievčatá,дівчата
blízko,поблизу
volal,він закликав
chcieť,хотіти
nášho,наш
akú,який вид
vypadni,вийти
myslieť,думати
šťastný,щасливий
vášho,твоя
naposledy,в останній раз
vidíte,ви бачите
šiel,він пішов
odkedy,відколи
radi,щасливий
neboli,вони не були
vedeli,вони знали
chlapík,хлопець
možnosť,варіант
ah,ах
hovorila,вона говорила
tím,команда
stať,стати
každého,кожен
vnútri,всередині
hlavy,голови
nejde,це не працює
cesta,спосіб
hodinu,годину
prvé,перший
vrátim,Я повернусь
jasne,ясно
menej,менше
nehovor,не розмовляй
peňazí,гроші
nebudeš,ти не будеш
čakať,чекати
urob,зробити це
žiaden,немає
um,гм
odtiaľ,звідти
muži,чоловіки
vrátil,повернувся
škole,школа
pol,половина
malá,маленький
hovoríte,ви говорите
večeru,вечеря
musela,вона повинна була
nejako,якось
okamžite,негайно
sex,секс
mojou,моя
poslal,надіслано
prvá,перший
záleží,це має значення
miesta,місць
druhý,другий
odo,від
snažil,пробував
iného,інший
michael,Майкл
ne,немає
sľubujem,я обіцяю
ha,га
hovoria,кажуть вони
šéf,бос
žije,він живе
skvelý,чудово
čoho,що
zachrániť,зберегти
šesť,шість
hovor,дзвінок
hubu,гриб
stratil,втрачено
nikomu,нікому
rovno,прямо
dostane,отримаєте
dolu,вниз
predstaviť,представити
rodičia,батьки
správu,повідомлення
musia,вони повинні
človeka,людина
výborne,відмінно
byt,плоский
stretnúť,зустрічатися
bež,бігати
spoločnosť,компанії
zomrieť,померти
poriadne,належним чином
posledný,останній
vezmi,взяти
ta,вона
rodiny,сім'ї
posledné,останній
strašne,жахливо
vráť,повернення
stojí,це коштує
chlapa,хлопець
jediné,єдиний
hmm,хм
odpoveď,відповідь
nohy,ноги
dámy,дами
náhodou,випадково
ľuďom,до людей
každú,кожен
joe,Джо
film,фільм
zostaň,залишитися
agent,агент
cítiš,ви відчуваєте
dávno,дуже давно
ver,ver
t,t
spoločné,поширений
otázka,запитання
začína,починається
manžel,чоловік
vravel,сказав він
jednej,один
nevadí,неважливо
napríklad,наприклад
svojom,твоя
právo,правильно
chlapi,хлопці
čaká,чекає
počuj,слухати
počúvajte,слухати
bojovať,воювати
rande,побачення
informácie,інформації
mesiac,місяць
držať,утримувати
zmeniť,змінитися
mužov,чоловіки
chodiť,ходити
ukáž,шоу
dostanem,я отримаю
zobrať,брати
zabili,вони вбили
tými,ті
nažive,живий
pohyb,рух
drahá,дорогий
tvojom,твоя
aute,автомобілі
milé,дорогий
zabudol,він забув
môcť,вміти
použiť,використовувати
blázon,божевільний
zavolaj,дзвінок
často,часто
stará,старий
brata,брат
existuje,воно існує
hey,привіт
dostaneme,ми отримаємо
šťastia,удача
vlasy,волосся
povie,каже він
bezpečí,безпеки
funguje,це працює
and,і
celá,ціле
druhej,другий
stretnutie,засідання
pripravená,готовий
mimochodom,між іншим
žiadnu,немає
pôjde,піде
ukázať,показати
boha,бог
nejaká,якийсь
snáď,можливо
divné,дивно
cítiť,відчувати
neverím,Я не вірю
čerta,диявол
nechcela,вона не хотіла
mesiacov,місяців
ostatní,інші
prisahám,клянусь
e,д
navždy,назавжди
pokoj,спокій
desať,десять
museli,вони повинні були
n,п
urobíme,ми зробимо
horšie,гірше
prestať,СТІЙ
nezáleží,це неважливо
priateľov,друзі
srandu,жартую
slová,слова
jesť,їсти
zvláštne,дивно
keďže,тоді як
sami,поодинці
preboha,ради бога
najskôr,якнайшвидше
robíme,ми робимо
všetkom,все
peter,Петро
pozrime,давай подивимось
hovorili,вони говорили
tvojich,твоя
vezmem,Я візьму його
zober,забрати
šaty,плаття
nedá,не можу
pokračovať,продовжувати
nerozumiem,я не розумію
trošku,трохи
chvíľku,момент
otcom,батько
získať,отримати
ospravedlňujem,мені шкода
poznáte,ви знаєте
začali,вони почали
ktorým,який
starosti,турботи
počuješ,ви чуєте
nemu,його
mojím,моя
hm,вага
priateľa,друг
otvor,отвір
lepší,краще
sarah,Сара
maj,травня
počuli,вони почули
títo,ці
dáš,ви даєте
kávu,кава
pracuje,він працює
stretol,зустрів
wow,вау
rozhodne,однозначно
ked,коли
ťažko,важко
vrah,вбивця
niekým,кимось
prídem,я прийду
vedia,вони знають
spoločnosti,компаній
nájdeme,ми знайдемо
dáva,дає
pamätám,Я пам'ятаю
pomaly,повільно
ktorom,який
stáť,стояти
preklad,переклад
týždne,тижнів
d,d
hlavne,в основному
nevieme,ми не знаємо
druh,видів
takú,такий
prestaňte,припини це
nepovedala,вона не сказала
nemajú,вони не мають
idiot,ідіот
pomôž,допомогти
krvi,кров
svetlo,світло
mŕtva,мертвий
vitajte,Ласкаво просимо
správa,повідомлення
obávam,я боюся
niektoré,деякі
prejsť,проходити
posledná,останній
jednoduché,простий
miláčik,кохана
otázky,запитання
zrazu,раптово
mysleli,вони думали
systém,система
nájdem,Я знайду
zvyšok,решта
spravila,вона зробила
bohu,бог
trocha,трохи
frank,відвертий
nemohla,вона не могла
robili,вони зробили
nebudeme,ми не будемо
pozerať,годинник
mike,Майк
hlave,голова
sen,мрія
vráti,повернеться
bolí,це боляче
skončil,закінчено
výber,вибір
kúpiť,купити
pracujem,я працюю
šanca,шанс
vody,води
niekomu,комусь
pracoval,він працював
vlastné,власні
začala,— почала вона
krásne,красива
chýba,відсутній
obchod,магазин
minulý,минуле
prichádza,наближається
spôsobom,спосіб
mnoho,багато
hra,гра
vraví,каже він
zbohom,до побачення
hlas,голос
takéto,як це
vydrž,тримайся
niektorí,деякі
hľadať,шукати
mladý,молодий
pôjdeš,ти підеш
nemocnice,лікарня
vodu,води
išla,вона пішла
kráľ,король
moment,момент
vedľa,поруч
snaží,намагаючись
zrejme,мабуть
pomôže,допоможе
otázku,питання
zabijem,я вб'ю
idú,вони йдуть
zachránil,він врятував
patrí,належить
pekná,красива
izbe,кімната
nechápem,я не розумію
osoba,людина
dokáže,він може
stal,став
zomrela,вона померла
vašich,твоя
nabudúce,наступного разу
potrebujete,вам потрібно
skús,спробувати
stretli,вони зустрілися
smiešne,смішно
dcéru,дочка
veľkú,великий
namiesto,замість
miestnosti,кімнати
dôkaz,доказ
dáme,ми дамо
pomohol,він допоміг
jedným,один
ľahké,легко
chápeš,ти розумієш
najviac,найбільше
yorku,Йорк
pomôžte,допоможіть будь ласка
názor,думка
osobne,особисто
normálne,нормально
rozumieš,ти розумієш
menom,по імені
tony,тонн
myslia,думають вони
svojim,свої власні
mesiace,місяців
mojim,моя
neexistuje,не існує
vzťah,відносини
posledných,останні
fbi,ФБР
skutočný,справжній
zistil,дізнався
otcovi,до батька
robila,вона зробила
tisíc,тисячі
sekúnd,секунд
zaujímavé,цікаво
pes,собака
kúsok,трохи
ľúbim,я люблю
chlapca,хлопчик
obed,обід
prachy,гроші
komu,до кого
očividne,очевидно
odišla,вона пішла
izby,кімнати
pripravení,готовий
rade,ради
neurobil,він цього не зробив
dovoliť,дозволяють
napriek,незважаючи на
hovno,лайно
cenu,ціна
nechám,Я дозволю
postele,ліжка
spýtať,запитати
mame,у нас є
nepáči,не подобається
nevidím,Я не бачу
zabudni,забудь це
george,Джордж
james,Джеймс
list,лист
niekam,десь
lode,кораблі
prvýkrát,перший раз
stavím,Я будую
ben,Бен
rozhodol,вирішив
nevedela,вона не знала
skutočné,справжній
dostaneš,ви отримаєте
zobral,взяв
rozdiel,різниця
môžme,ми можемо
vina,почуття провини
zopár,кілька
šťastná,щасливий
čomu,до чого
svojou,твоя
väčšina,більшість
počúvať,слухати
nepotrebujem,Мені не потрібно
ďalších,інші
ježiši,Ісус
budúcnosť,майбутнє
mobil,мобільний телефон
nebuď,не будь
stopy,доріжки
políciu,поліція
znamenať,означає
mamu,мама
novú,новий
ďakujeme,дякую
beriem,Я беру
dobe,ера
tajomstvo,секрет
pomôžem,Я допоможу
priateľka,подруга
pivo,пиво
zadok,дупа
detektív,детектив
it,це
sadni,сісти
krok,крок
bojím,я боюся
stretneme,ми зустрінемось
išli,вони пішли
kamarát,друг
ženou,жінка
dobu,час
vysvetliť,пояснювати
bolesť,біль
nikam,ніде
knihu,книга
kúpil,купив
gibbs,Гіббс
neviete,ти не знаєш
ľuďmi,людьми
dokážem,я можу
poručík,лейтенант
neznamená,не означає
prezident,президент
strýko,дядько
vravím,кажу я
idete,ти йдеш
dokážeš,ви можете
tamto,там
cítil,фетр
rozhodnutie,рішення
nestalo,не сталося
súčasťou,включені
záujem,інтерес
zaujíma,зацікавлений
vianoce,Різдво
henry,Генрі
načo,для чого
m,м
ostatné,інші
nemyslíš,ти не думаєш
milý,дорогий
nechala,вона пішла
ďalšiu,ще один
nedokážem,я не можу
opýtať,просити
dean,Дін
odkaz,посилання
predpokladám,Я припускаю
silu,сила
zoznam,список
poslať,відправити
nevidela,вона не бачила
akože,як
zabije,вбиває
troch,три
môjmu,до моєї
detí,дітей
skvelá,чудово
počujem,Я чую
drahý,дорогий
volala,— покликала вона
skončí,закінчиться
láskavosť,доброта
oboch,вони обидва
in,тощо
začiatku,початок
hru,гра
david,Девід
zavolal,він закликав
don,дон
staré,старий
urobíš,ви зробите
najlepšia,найкращий
volať,дзвонити
voda,води
vraždy,вбивств
walter,Вальтер
druhú,другий
baby,дитина
kedysi,колись давно
ďalšia,ще один
tadiaľto,таким чином
smerom,напрямок
opatrne,ретельно
zničiť,знищувати
ryan,Райан
veliteľ,командир
alex,Алекс
sedieť,сидіти
sedem,сім
vojna,війни
podarilo,вдалося
stoj,стояти
dávaj,дати
konci,закінчується
časti,частин
tomuto,до цього
matku,мати
úprimne,чесно
miliónov,мільйони
zomrie,вмирає
sledovať,слідувати
schopný,здатний
of,з
pravidlá,правила
typ,типу
miluje,любить
šialené,божевільний
paul,Павло
nového,новий
claire,Клер
konca,кінець
bill,рахунок
prekvapenie,сюрприз
city,почуття
kľúč,ключ
hrozné,жахливий
hry,ігри
iných,інші
pusti,відпустити
ktokoľvek,хто завгодно
očí,очі
málo,мало
mozog,мозок
všetkého,все
občas,час від часу
celom,ціле
škoda,шкода
vraj,нібито
hlava,голова
otvoriť,щоб відкрити
posteli,ліжко
nejakého,деякі
jimmy,Джиммі
rodine,до родини
ukážem,Я покажу
vašom,твоя
zábava,веселощі
prídu,вони прийдуть
hoci,хоча
pokoji,заспокойся
nemožné,неможливо
kľud,спокій
tváre,обличчя
začne,почнеться
nová,новий
nebudú,вони не будуть
napísal,написав
lásku,любов
napadlo,думав
záznamy,записи
našom,наш
vidíme,ми бачимо
pochopiť,щоб зрозуміти
knihy,книги
spravili,вони зробили
hľadám,Я шукаю
fotky,фотографії
neznášam,Я ненавиджу це
signál,сигнал
potreboval,він потребував
nemocnici,лікарня
dlhšie,довше
celej,ціле
skončila,— закінчила вона
nezaujíma,не цікавить
voláš,ти дзвониш
rozhovor,інтерв'ю
urobí,буде робити
ostatných,інші
zabila,вона вбила
chybu,помилка
malú,маленький
podstate,по суті
skúsiť,спробувати
uz,вже
nemohli,вони не могли
svojím,зі своїм власним
su,є
postarám,Я подбаю
nechcete,ти не хочеш
lodi,корабель
dokopy,разом
nestane,не станеться
tvoji,твоя
me,мене
fungovať,функціонувати
nemôžu,вони не можуть
darí,добре
darček,подарунок
tvojou,твоя
plukovník,полковник
dvoma,два
seržant,сержант
bob,боб
dohodu,угода
šéfe,бос
poslednej,останній
prístup,підхід
policajt,поліцейський
drogy,наркотики
richard,Річард
dokázal,він довів
vojny,війни
každom,кожен
ľahko,легко
hádam,Я здогадуюсь
topánky,взуття
obeť,жертва
vzali,вони взяли
cieľ,мета
nebezpečné,небезпечний
väzenia,в'язниці
rokoch,років
osem,вісім
nieje,це не так
sekundu,секунду
inú,інший
problémov,проблеми
držte,тримайся
tela,тіло
vlastnú,власні
ohľadom,щодо
kevin,кевін
stačilo,цього було достатньо
rýchlejšie,швидше
druhé,другий
trvať,взяти
víkend,вихідні
lieky,препарати
vzala,вона взяла
jake,Джейк
la,ля
ihneď,негайно
šla,вона пішла
dna,подагра
stratili,вони програли
chodí,він ходить
prídeš,ти прийдеш
lietadlo,літак
pozornosť,уваги
ulici,вулиця
priniesol,принесли
skončili,вони закінчили
pokračuj,продовжуй
vlastný,власні
uprostred,в середині
doktora,лікар
mužom,чоловіки
mary,Мері
rozkaz,порядок
báť,страх
chalani,хлопці
každé,кожен
týka,побоювання
pohľad,переглянути
dvakrát,двічі
príležitosť,можливість
kancelárie,офіси
naučil,навчив
cestou,в дорозі
druhá,другий
titulky,субтитри
čakal,він чекав
osud,доля
jednom,один раз
bližšie,ближче
ostať,залишитися
vzduchu,повітря
zmenil,змінено
potrebujú,вони потребують
manžela,чоловік
chorý,хворий
generál,загальний
pozriem,Я побачу
bastard,сволота
hovoríme,ми говоримо
upokoj,заспокойся
profesor,професор
kľúče,ключі
ukradol,вкрали
taktiež,також
narodeniny,день народження
životy,життя
tommy,Томмі
niet,немає
požiadal,запитав він
psa,собака
spravím,я зроблю
vzadu,в спину
vtipné,смішно
ježiš,Ісус
izbu,кімната
povolenie,дозвіл
gratulujem,вітаю
nepoznám,не знаю
opustiť,залишити
rodičov,батьки
naši,наш
rovnaké,те саме
začiatok,початок
buďte,бути
vyzerať,дивитися
huh,га
skvele,чудово
krajine,країна
stranu,бік
nevideli,вони не бачили
netuším,Я поняття не маю
útok,напад
uvidíš,ти побачиш
dávať,дарувати
súd,суд
oheň,вогонь
nemyslel,він не думав
budúcnosti,майбутнього
strany,партії
vraždu,вбивство
show,шоу
pustite,відпустити
dôkazy,докази
zvyčajne,зазвичай
krásna,красива
budúci,майбутнє
alan,алан
ublížiť,боляче
danny,Денні
nim,їх
zlá,погано
vtip,жарт
matky,матерів
nick,нік
srdca,серце
trvalo,це тривало
neuveriteľné,неймовірно
will,буде
veku,вік
sranda,смішно
stôl,стіл
mŕtvi,мертві
test,тест
svojmu,до свого
zavolajte,дзвінок
stala,став
naučiť,навчати
udržať,підтримувати
vyhral,виграв
zabudla,вона забула
jim,їх
vybrať,вибрати
vrátila,вона повернулася
boj,боротися
zdravie,здоров'я
úžasný,чудовий
dovnútra,всередині
minulosti,минуле
minulú,останній
nenávidím,я ненавиджу
nepočul,він не почув
večera,вечеря
poviete,ти кажеш
kate,Кейт
c,в
chris,Кріс
nemusíte,тобі не потрібно
pripraviť,підготувати
zas,знову
každá,кожен
vravela,сказала вона
uvidím,Я побачу
vezmite,взяти
rukách,руками
čaj,чай
amy,Емі
nemusí,це не обов'язково
video,відео
dievčatko,маленька дівчинка
krajiny,країни
začalo,це почалося
silný,сильний
platí,застосовується
sklapni,заткнись
nádherné,чудовий
brať,взяти
plný,повний
bolesti,біль
poslali,вони надіслали
páčiť,подобатися
zápas,матч
harry,гаррі
decko,дитина
teší,щасливий
oblasti,область
šli,вони пішли
týždňov,тижнів
snažila,вона спробувала
sestru,сестра
chuť,смак
vedie,призводить
fotku,фото
jane,Джейн
vitaj,Ласкаво просимо
nádej,надія
prešiel,пройшли
dlhý,довго
pieseň,пісня
kriste,Христос
väzení,в'язниця
druhého,другий
lásky,любові
klamal,збрехав
pozná,знає
bobby,Боббі
matt,Метт
dovidenia,до побачення
iným,до інших
išlo,це пішло
zaplatiť,платити
kus,шматок
žene,жінка
milovať,любити
kedykoľvek,в будь-який час
dar,подарунок
súhlasím,погоджуюсь
stratila,вона програла
vybral,вибрав
plné,повний
miluješ,ти любиш
schopnosti,здібності
hlúpy,дурний
obete,жертви
mená,імена
navzájom,один одного
mozgu,мозок
absolútne,абсолютно
kim,Кім
navyše,крім того
decká,діти
doktorka,лікар
hlúpe,дурний
traja,три
nechali,вони пішли
hrozne,жахливий
zbaviť,позбутися
otázok,запитання
účet,рахунок
zákon,закон
vstávaj,встати
rob,робити
abby,Еббі
plány,плани
nik,ніхто
poznal,знав
nehoda,нещасний випадок
drink,напій
ničoho,нічого
dopekla,пекло
pohni,рухатися
stretla,вона зустріла
chytiť,зловити
nebudete,ти не будеш
zmizol,зникла
dáte,ви дасте
dokázať,довести
whoa,ой
nefunguje,це не працює
cítila,вона відчувала
píše,пише
žiadnom,немає
sľúbil,він пообіцяв
stav,хвороба
lee,Лі
školu,школа
jednou,один раз
duch,привид
otvorené,ВІДЧИНЕНО
prsteň,кільце
priateľom,друзі
minúty,хвилин
zeme,землі
povedzme,скажімо так
otče,батько
zvládnem,Я з цим впораюся
slnko,сонце
otvorte,відкрийте його
nechoď,не йди
akým,який
rose,роса
začneme,давайте почнемо
naňho,на нього
ukázal,він показав
obe,обидва
doteraz,дотепер
chrániť,захищати
potrebné,необхідно
eddie,Едді
miloval,любив
sila,сила
veríš,ти віриш
zastav,СТІЙ
mark,знак
program,програма
kancelárii,офіс
odchádzam,Я йду
vyzerám,я дивлюсь
iná,інший
niečom,щось
nájde,знайде
chalan,хлопець
akurát,точно
utiecť,тікати
bojíš,ти боїшся
dovoľte,дозвольте мені
zabudnúť,забувати
l,л
ray,Рей
debil,дебіл
dôvodu,причина
tehotná,вагітна
stratiť,втратити
adresu,адресу
záznam,запис
let,років
vzhľadom,зовнішній вигляд
raňajky,сніданок
množstvo,кількість
perfektné,ідеальний
zistili,вони дізналися
billy,Біллі
chrbát,спина
voči,назустріч
odišli,вони пішли
teta,тітка
býva,це буває
spojenie,підключення
liek,ліки
hľadal,шукав
hrdina,герой
stáva,стає
zohnať,отримати
snažíš,ви спробуйте
postarať,піклуватися про
skončiť,закінчити
mladá,молодий
anna,Анна
sexy,сексуальний
vojnu,війни
dávam,Я даю
izba,кімната
nebojte,не хвилюйся
všetkými,всіма
tvojím,твоя
nemusím,я не повинен
spoločne,разом
hrá,грає
pripravte,підготувати
zadku,дупа
hajzel,привіт
unavený,втомився
dostanete,ви отримаєте
piť,пити
vojne,війни
obavy,побоювання
čítať,читати
činu,діяти
doriti,doritos
takého,такий
obchodu,торгівля
poslednú,останній
skupina,група
hádať,здогадуватися
dalo,дав
pláne,рівнини
vyhrať,виграти
zima,зима
zvieratá,тварини
pokojne,спокійно
metrov,метрів
šou,шоу
zvuk,звук
budovy,будівлі
riaditeľ,директор
castle,замок
sily,сили
hľadá,шукаєш
vyriešiť,вирішити
vypadnúť,випадати
policajti,поліцейські
sestry,сестри
kód,код
čísla,числа
škola,школа
neustále,постійно
strašné,жахливий
čisté,чистий
klamať,брехати
dušu,душа
tentokrát,цього разу
dopredu,вперед
páčilo,сподобалось
ozaj,дійсно
žil,він жив
mam,я маю
výsledky,результати
nájdi,знайти
rovnaký,те саме
vláda,уряд
vojak,солдат
obraz,зображення
momentálne,на даний момент
tvojim,твоя
kniha,книга
stole,стіл
radu,поради
sedí,сидить
zuby,зуби
rúk,руками
kamery,камери
kontrolu,КОНТРОЛЬ
použil,використовується
vzduch,повітря
parku,парк
preložil,перекладено
dovoľ,дозволяють
mene,мене
hudbu,музика
vypadnite,вийти
rady,поради
došlo,сталося
milá,дорогий
y,р
navštíviť,відвідати
snažiť,спробувати
vyzerajú,вони виглядають
myseľ,розум
pýtal,запитав він
pokračujte,продовжувати
majster,майстер
odteraz,відтепер
touto,цим
neprišiel,він не прийшов
postaviť,будувати
synak,син
manželka,дружина
johnny,Джонні
výlet,поїздка
rachel,Рейчел
čítal,він читав
nôž,ніж
hral,грав
podobné,подібні
takí,такий
not,примітка
sny,мрії
šlo,це спрацювало
jazyk,мова
nejdem,я не йду
úlohu,завдання
preco,чому
mcgee,mcgee
zostal,він залишився
víno,вино
ktorou,який
sračky,лайно
poďakovať,дякувати
zviera,тварина
mŕtvych,мертві
strednej,вторинний
nedávno,недавно
nieco,щось
ruke,руками
pomocou,за допомогою
steve,Стів
hľadáme,ми шукаємо
de,de
krku,шия
clark,Кларк
zastavte,СТІЙ
dáma,леді
minútu,хвилину
chlapov,хлопці
volajú,вони дзвонять
hladný,голодний
inde,в іншому місці
stave,хвороба
drží,тримає
pravý,правильний
pokus,спроба
zostaňte,залишитися
daniel,лань
časom,з часом
nájdeš,ви знайдете
učiť,навчати
verte,вірити
energie,енергії
dôstojník,офіцер
ehm,гм
mamou,мама
nedáva,не дає
nos,ніс
ruka,руку
niečoho,щось
that,що
jedla,вона їла
ústa,рот
max,макс
oblečenie,одяг
zostane,залишиться
fér,ярмарок
rozprával,він говорив
svojimi,зі своїми
špeciálne,спеціальні
žiadam,Я прошу
vrátime,ми повернемося
skontrolovať,перевірити
priveľa,занадто багато
kontakt,контакт
dozadu,задом наперед
hlboko,глибоко
nepoviem,не скажу
sotva,ледве
právnik,адвокат
žien,жінки
adam,Адам
odvtedy,відтоді
rozhodla,вирішила вона
časy,разів
tvrdí,він стверджує
rozprávaš,ви говорите
hocičo,що завгодно
zač,почати
zaujímalo,це було цікаво
spomínam,Я пам'ятаю
poslala,вона послала
bezpečné,безпечний
nevyzerá,не схоже на це
nevedia,вони не знають
zasa,знову
služby,послуги
vráťte,повернути його
predať,продавати
dokončiť,закінчити
správny,правильно
tímu,команда
polovicu,половина
martin,Мартін
ahojte,привіт
minulosť,минуле
pripravené,готовий
počujete,ви чуєте
nosiť,знос
opustil,він пішов
díky,дякую
požiadať,просити
starať,піклуватися про
prvom,перший
kráľovná,королева
získal,придбаний
osobné,особистий
myšlienky,думки
mäso,м'ясо
úprimný,щирий
vrátili,повернувся
ospravedlňte,вибач мене
zastavil,зупинився
trvá,триває
očami,очі
vražda,вбивство
isto,впевнений
priniesť,приносити
krásny,красива
piatok,П'ятниця
prvej,перший
majte,мати
zmení,зміниться
nepamätám,Я не пам'ятаю
čakám,я чекаю
spoznávam,Я впізнаю
okno,вікно
york,йорк
hudba,музика
nezabudni,не забудь
tancovať,танцювати
niečím,щось
spomienky,спогади
bál,він боявся
zavri,заткнись
urobte,зробити це
takýto,як це
rozhodli,вони вирішили
radosť,радість
úžasná,чудовий
začínam,Я починаю
rozumiete,ти розумієш
robert,Роберт
starého,старий
kráľa,король
dan,день
situácia,ситуація
hlupák,дурень
tlak,тиск
zločin,злочинність
dňami,днів
možnosti,параметри
zadarmo,безкоштовно
pozrel,подивився
volali,вони дзвонили
veciach,речі
vraha,вбивця
ták,так
každej,кожен
vaši,твоя
čistý,чистий
zoberiem,Я візьму його
prišlo,воно прийшло
kitty,кошеня
usa,США
starých,старі
zodpovednosť,відповідальність
každopádne,все одно
muselo,довелося
povedané,сказав
hlavou,голова
boja,боротися
chlapcov,хлопці
mesiacmi,місяців
stop,СТІЙ
lily,лілії
prežiť,вижити
al,al
bezpečnosť,безпеки
spravíme,ми зробимо
veril,він вірив
ctihodnosť,респектабельність
avšak,проте
zistila,вона дізналася
nechceme,ми не хочемо
práva,прав
vlak,поїзд
vrátiš,ти повертаєшся
hrdý,гордий
sledoval,дивився
necítim,я не відчуваю
palube,на борту
celého,ціле
prajem,бажаю
zobrali,вони взяли
svadbu,весілля
moj,моя
bratia,брати
hotovo,зроблено
pýtam,я запитую
ukľudni,заспокойся
san,мрія
nikde,ніде
stroj,машина
prešli,вони пройшли
eric,Ерік
oko,око
väčšinou,в основному
dobrí,хороші
matkou,мати
kontrolou,КОНТРОЛЬ
tvrdo,важко
pracuješ,ви працюєте
malého,маленький
napísať,писати
prvú,перший
týmito,цими
bežte,бігати
myslíme,ми думаємо
milióny,мільйони
každému,кожному
sprav,адмін
pochopil,зрозумів
zbláznil,він збожеволів
bare,бар
plánu,планувати
manželstvo,одруження
našim,наш
nohu,нога
tvojmu,твоя
chodil,він ходив
rozprávali,вони розмовляли
chorá,хворий
chvíli,деякий час
druhom,другий
pohovoriť,розмовляти
skutočná,справжній
nejdeš,ти не йдеш
emma,Емма
netreba,немає потреби
polož,положення
šerif,шериф
spievať,співати
ospravedlniť,вибачити
obchode,магазин
väčší,більший
vyšetrovanie,розслідування
našou,наш
priznať,визнати
srdci,серце
vyzeral,він подивився
počítač,комп'ютер
nehovorím,я не розмовляю
miestnosť,кімната
poznať,знати
riť,дупа
čierny,чорний
používať,використовувати
nielen,не тільки
ženatý,одружений
priviedol,принесли
dočkať,чекати
dovtedy,до тих пір
dobro,добре
cítite,ви відчуваєте
porozprávame,ми поговоримо
učiteľ,викладач
vašim,твоя
pochybujem,Сумніваюся
zničil,зруйновано
čakajú,вони чекають
zábavné,веселощі
vyzeralo,це виглядало
strávil,витрачено
koláč,торт
au,ой
čiže,тобто
chlapíka,хлопець
armáda,армії
jednotky,одиниць
pitie,пити
hviezda,зірка
opatrný,обережний
baviť,веселитися
pozerám,Я спостерігаю
poznáme,ми знаємо
gule,м'ячі
záležitosť,справа
zoberte,забрати це
doby,разів
sadnite,сісти
nejakej,якийсь
este,так
chuck,Чак
vašou,твоя
prestal,зупинився
tvári,обличчя
skurvený,облажався
akonáhle,як тільки
nepovieš,ти не кажи
vzdať,здаватися
svetlá,вогні
berie,приймає
go,йти
riadne,належним чином
silná,сильний
ľutujem,мені шкода
bytu,квартира
kameň,камінь
viesť,привести
vysoko,висока
pomohla,вона допомогла
potrebovala,вона потребувала
chýbať,сумувати
spomínaš,ти пам'ятаєш
uvedomil,він зрозумів
byte,квартири
krk,шия
bomba,бомба
všimol,помітили
odpovede,відповіді
matke,мати
mojimi,моя
náhoda,збіг обставин
presvedčiť,переконати
akého,який вид
samé,те саме
dohoda,угода
zostáva,залишається
bohužiaľ,на жаль
vidí,він бачить
ochranu,захисту
nejak,якось
krajina,країна
rozkazy,замовлення
kelly,Келлі
is,є
dokázali,вони довели
zariadenie,пристрій
pustiť,відпустити
prsty,пальці
výsosť,висота
nejakých,деякі
park,парк
priateľku,подруга
nervózny,нервовий
kopu,пучок
strieľať,стріляти
sean,Шон
jenny,Дженні
sto,сто
pánom,пан
väčšie,більший
hoteli,готель
oddelenie,відділ
kvety,квіти
ooh,ох
písať,писати
žijem,я живу
chápete,ти розумієш
čudné,дивно
veľkého,великий
pardon,вибачте
veličenstvo,величність
pohár,чашка
objavil,виявлено
mier,спокій
trápi,набридає
roka,року
dave,натовп
nezabil,він не вбивав
zlatíčko,кохана
sleduj,слідувати
uistiť,запевняти
ponuku,пропозиція
prichádzajú,вони приходять
uvidíte,ти побачиш
vrátane,в тому числі
pracovala,вона працювала
nemalo,не довелося
prdele,лайно
rukami,руками
elena,Олена
panebože,Боже мій
zmenila,вона змінилася
mm,мм
unavená,втомився
pošlem,Відправлю
pomáha,це допомагає
nádherná,красива
pýtať,запитати
žijú,вони живуть
duše,душі
deväť,дев'ять
plus,плюс
takých,такий
telá,тіла
justin,Джастін
partner,партнер
česť,честь
najväčší,найбільший
emily,Емілі
skupiny,групи
rozhodnúť,вирішувати
narodil,народився
nehýb,не рухайся
totálne,повністю
testy,тести
míľ,миль
posteľ,ліжко
smrťou,смертю
zomreli,вони померли
paráda,чудово
brácho,братан
platiť,платити
dúfal,він сподівався
pôjdete,ти підеш
zázrak,диво
tele,теля
pohnúť,рухатися
nejakým,деякі
meč,меч
brian,Браян
nepríde,він не прийде
znamenie,знак
nerád,мені це не подобається
luke,луки
dcéry,дочки
nesmie,не повинен
agentka,агент
hviezdy,зірки
oficiálne,офіційно
milión,мільйон
vravíš,ти кажеш
pokým,поки
pridať,додати
lucy,Люсі
zabijú,вони вбивають
jeff,Джефф
počúvam,я слухаю
jedine,тільки
základe,основа
zaplatil,він заплатив
správnu,правильно
prídeme,ми приїдемо
thomas,Томас
major,майор
najlepších,найкращий
zodpovedný,відповідальний
priestor,простір
ou,ой
autá,автомобілі
síce,хоча
najhoršie,найгірший
situáciu,ситуація
vyzeráte,ти дивишся
okolí,оточення
ľudské,людини
cíti,відчуває
gay,гей
končí,закінчується
dverami,двері
velmi,дуже
nemyslela,вона не думала
ktorými,за допомогою якого
zjavne,мабуть
šialený,божевільний
nových,нові
kľudne,спокійно
noviny,газета
prijať,приймати
stál,стояв
princezná,принцеса
biely,білий
dostanú,вони отримають
zostanem,Я залишусь
používa,використовує
nájdete,ви знайдете
hodinky,годинник
autom,на автомобілі
rany,рани
rad,рядок
sadnúť,сісти
pozeráš,ти дивишся
snažíme,ми стараємось
známy,відомий
nohavice,штани
uvidí,побачить
opitý,п'яний
ryby,риба
dostaň,отримати це
zmenilo,змінено
á,так
charles,Чарльз
veľkým,великий
viacej,більше
santa,Санта
zavolala,— покликала вона
hlúpa,дурний
nic,нічого
srdiečko,маленьке серце
triedy,клас
mŕtveho,мертвий
chloe,Хлоя
nerobte,не роби
necháš,ви дозволяєте
existujú,вони існують
snažia,вони намагаються
návštevu,візит
príkaz,команда
ted,тепер
proces,процес
lady,леді
peklo,пекло
reč,мова
vojaci,солдатів
mora,море
vyhodiť,викидати
podarí,вдасться
mm-hmm,мм-хм
tohoto,це
rodinou,родина
ulice,вулиці
energiu,енергії
dajú,вони дають
odpovedať,відповідати
pozeral,спостерігав
house,будинок
vzťahu,відносини
prípadu,справа
amerike,Америка
využiť,скористатися
takým,такий
nazdar,привіт
sexi,сексуальний
deťmi,дітьми
b,b
vietor,вітер
najmenej,найменше
pamätáte,ти пам'ятаєш
blíži,наближається
street,вулиця
predo,раніше
karty,картки
trest,покарання
stráviť,витрачати
prvého,перший
zabi,вбити
chyby,помилки
trik,трюк
your,ваш
zranený,поранений
odtlačky,відбитки пальців
útoku,напад
pomohli,вони допомогли
papiere,документи
ďalšieho,ще один
hlavný,основний
zmenili,вони змінилися
pravá,правильний
naraz,одразу
stali,вони стали
inej,інший
novej,новий
tanec,танець
naštvaný,злий
leto,літо
we,ми
príď,давай
louis,Луїс
ducha,дух
krajinu,країна
prines,принести
dostatočne,досить
voláte,ти дзвониш
ukázalo,показав
úsmev,усмішка
zozname,список
napraviť,виправити
lístky,квитки
priniesla,вона принесла
pravidlo,правило
poschodí,поверх
alice,Аліса
susan,Сьюзен
začnem,Я почну
ospravedlnenie,вибачення
vytvoriť,створювати
pracovali,вони працювали
rozum,причина
skúste,спробуйте
kopec,пагорб
riešenie,рішення
skončilo,все закінчилось
projekt,демонструвати
opraviť,виправити
koňa,кінь
veru,правда
priateľmi,друзі
sudca,суддя
mna,мене
slnka,сонце
trápne,незручно
pamätaj,запам'ятати
telefóne,телефон
obrovské,величезний
minútku,хвилину
reči,мова
čakala,вона чекала
uhm,хм
slov,слова
omnoho,багато
zomriem,Я помру
vesmíru,простір
snažili,вони намагалися
zmena,змінити
zdalo,здавалося
voľný,безкоштовно
dieťaťa,дитини
hre,гра
all,все
držal,проведено
bar,бар
braček,маленький брат
andy,анди
spí,він спить
normálny,нормально
william,Вільям
spoznal,він визнав
denne,щодня
skúsim,Я спробую
prežil,вижили
obrovský,величезний
prácou,по роботі
osamote,поодинці
predstavu,ідея
zmizni,зникнути
nerobím,я ні
odvahu,мужність
love,кохання
ukáže,покаже
nechceli,вони не хотіли
dýchať,дихати
hotel,готель
ktorému,до якого
nenechám,Я не дозволю
článok,стаття
zdroj,джерело
planéte,планета
planéty,планети
silné,сильний
lisa,Ліза
spal,він спав
rôzne,різні
potrebovali,вони потребували
pravé,правильно
východ,ВИХІД
kdekoľvek,де завгодно
nemusel,йому не довелося
žiješ,ти живеш
očiach,очі
utiekol,втік
potešením,задоволення
väčšinu,більшість
ib,ib
spraví,буде робити
nádherný,красива
synu,син
oblasť,область
suka,сука
stojte,стояти
všetku,все
nedovolím,Я не дозволю
meškám,я спізнився
dlhé,довго
necháme,давай
zaneprázdnený,зайнятий
živý,живий
mr,пан
smutné,сумний
ustúpte,крок назад
návrh,пропозиція
rôznych,різні
istí,впевнений
ochrániť,захистити
for,для
scott,Скотт
iní,інші
riskovať,ризикувати
správať,поводитися
tati,тато
dohodli,вони погодилися
veľkej,великий
vlastnej,власні
nato,після цього
princ,принц
stálo,це коштувало
jay,ура
nedostal,не отримав
vodou,водою
hľadáš,ви шукаєте
dík,дякую
dočerta,до біса
hranice,кордонів
lese,ліс
podporu,підтримка
právnika,адвокат
banky,банки
majetok,власність
mamy,мами
starší,старший
pozval,запрошені
sľub,обіцянку
dôležitý,важливо
stanici,станція
premýšľal,— думав він
systému,система
spravíš,ви зробите
stefan,стефан
ed,вид
situácii,ситуація
inšpektor,інспектор
predstav,уявіть собі
van,фургон
spadol,впав
h,ч
šťastné,щасливий
chyť,зловити
vojakov,солдатів
štýl,стиль
spoznať,познайомитися
spomenúť,згадувати
chlapom,хлопець
otoč,поворот
dobrých,хороші
prinesiem,Я привезу
ohľadu,незалежно від того
stanicu,станція
stovky,сотні
príbehu,історія
chytili,спійманий
zbraní,зброї
nemusíme,ми не повинні
dlhú,довгий
jackson,Джексон
pocity,почуття
pomôžeš,ти допоможеш
cena,ціна
naďalej,продовжувати
náladu,настрій
zmluvu,договір
amen,амінь
odíď,піти геть
prešla,вона пройшла
príbehy,історії
kúpila,вона купила
carl,Карл
hodiť,кинути
karen,Карен
neba,небо
cieľom,мета
pánovi,пан
vezmeme,ми візьмемо
patrick,Патрік
rána,ранок
kuchyni,кухня
zlom,перерва
tajomstvá,таємниці
mmm,хм
verí,вірить
pete,Піт
pozeraj,подивіться
joey,джої
životom,по життю
schopnosť,здатність
jerry,Джері
vode,води
plakať,плакати
zostali,вони залишилися
robin,малиновка
triede,клас
mužovi,чоловікові
nemyslíte,ти не думаєш
nepôjde,не піде
elizabeth,Єлизавета
bála,вона боялася
akej,який вид
mŕtve,мертвий
všetok,все
damon,Деймон
dobrého,добре
môžte,ви можете
červené,червоний
zvláštny,дивно
nervy,нерви
pošlite,відправити
grace,благодать
tréner,тренер
osobu,людина
nevedeli,вони не знали
oslavu,святкування
chytil,спійманий
zrovna,точно
rozpráva,він говорить
re,d
nechcú,вони не хочуть
tim,команда
milovala,вона любила
človekom,людина
klameš,ти брешеш
svetla,вогні
spojiť,підключити
lietadla,літак
strachu,страх
nájdite,знайти
simon,Саймон
vyššie,вище
jednotka,одиниця
bývať,жити
teplo,тепло
oblek,костюм
nájdu,вони знайдуть
čosi,щось
lož,брехня
polovica,половина
začni,почати
prekvapený,здивований
inom,інший
kúzlo,магія
voľno,безкоштовно
zaslúži,заслуговує
klame,він бреше
ničom,нічого
žartuješ,ви жартуєте
blbosť,нісенітниця
pokúsil,пробував
nechápeš,ти не розумієш
posaďte,сісти
ochotný,бажаючий
sobotu,Субота
správanie,поведінка
nesmieš,ви не повинні
biele,білий
slobodu,свобода
neurobila,вона цього не зробила
listy,листя
tv,телевізор
úspech,успіх
more,море
blbec,ідіот
pravdou,правда
nenašli,вони не знайшли
vezme,візьме
kone,коні
nechutné,огидний
vas,ти
zmizla,вона зникла
klubu,клуб
klamala,вона збрехала
okuliare,окуляри
predstierať,прикидатися
úžasne,чудовий
prezidenta,президент
pripomína,нагадує
rohu,куточок
young,молодий
rukou,вручну
nevidíš,ти не можеш побачити
ujsť,втеча
ovládať,КОНТРОЛЬ
odchádza,йде
známky,марки
nerobí,не робить
strom,дерево
polície,поліція
zmenu,змінити
nepoznáš,ти не знаєш
zostala,вона залишилася
voľba,вибір
autobus,автобус
kameru,камера
hank,Хенк
vírus,вірус
napísala,написала вона
tušenie,передчуття
pomáhať,допомогти
hľadajú,вони шукають
zvládneš,ти можеш це зробити
ostrov,острів
man,людина
napísané,написаний
zachránila,вона врятувала
opustila,вона пішла
týždňami,тижнів
odchádzame,ми йдемо
ukážte,шоу
hľadáte,ви шукаєте
záchod,туалет
los,лось
vsetko,все
spomenul,згадав він
zabitý,убитий
podaj,файл
cool,круто
udrel,удар
ukradnúť,красти
prejde,це пройде
význam,значення
mlieko,молоко
ponúknuť,пропонувати
prečítať,читати
operáciu,операція
minule,минулого разу
budove,будівля
utekaj,тікати
zdvihni,забрати
podozrivý,підозрілий
našťastie,на щастя
páčia,їм подобається
kartu,картку
odídem,Я піду
nedokáže,він не може
ľahšie,легше
čakali,вони чекали
hotela,готель
biznis,бізнес
anjel,ангел
lístok,квиток
tretí,третій
ncis,ncis
jed,отрута
sir,сер
urobíte,ви зробите
génius,геній
nevinný,невинний
rozmýšľal,— думав він
vydržte,тримайся
tesne,тісно
počkám,Я буду чекати
priviesť,приносити
filme,фільм
začnú,вони починають
bum,бум
dlhá,довго
nespravil,він цього не зробив
cia,ЦРУ
strata,втрата
kosti,кістки
poschodie,поверх
pondelok,понеділок
každým,всіма
úst,рот
predaj,продаж
náhle,раптово
hrozný,жахливий
doba,період
schopná,здатний
spravodlivosť,справедливість
tajné,секрет
vraveli,вони сказали
jackie,Джекі
čias,час
rýchle,швидко
se,з
bod,точка
karl,карл
duša,душа
mel,він мав
sedel,сів
zábavu,розваги
armády,армії
kretén,ривок
mnohých,багато
ťažký,важкий
nedal,він не дав
potrvá,це триватиме
nahnevaný,злий
priateľu,друг
plná,повний
vaším,твоя
inokedy,іншим разом
žijeme,ми живемо
tvárou,обличчя
klamár,брехун
zomrieš,ти помреш
molly,моллі
vyzdvihnúť,забрати
bratom,брати
tentoraz,цього разу
želám,бажаю
ostaň,залишитися
smiem,я можу
filmy,фільми
predal,продано
anglicky,англійська
zistíme,ми дізнаємось
starej,старий
miest,міст
takisto,також
pamätať,пам'ятати
tyler,Тайлер
zobrala,вона взяла
sústrediť,концентрат
chystá,збирається
poraziť,поразка
veselé,веселий
bránu,ворота
deťom,дітей
dverí,двері
vytvoril,створений
vysvetlenie,пояснення
dávajte,дати
zakaždým,кожного разу
annie,Енні
počujte,слухати
nutné,необхідно
výraz,вираз
spolupracovať,співпрацювати
zastrelil,він вистрілив
papier,папір
kamaráti,друзі
klube,клуб
žili,вони жили
štyroch,чотири
žeby,жаби
chvíle,моменти
stopu,трек
spýtal,запитав він
synom,син
zostalo,залишився
phil,Філ
niektorých,деякі
jamie,ями
pamäť,пам'ять
zlodej,злодій
josh,Джош
posaď,сісти
uši,вуха
umenie,ст
prežili,вони вижили
jason,Джейсон
jedná,діє
pozerá,спостерігає
kamera,камера
dojem,враження
prekliaty,проклятий
stačiť,досить
skúsenosti,досвід
doslova,буквально
mení,зміни
pýtaš,ви запитаєте
chrbtom,назад
nedotýkaj,не чіпай
isteže,впевнений
všetkému,до всього
dvomi,на два
skúšal,пробував
naopak,навпаки
berieš,ви берете
netráp,не хвилюйся
myšlienka,думав
nepomôže,не допоможе
teším,Я з нетерпінням чекаю цього
miestach,місць
vodca,керівник
michelle,Мішель
kúsky,штук
strana,вечірка
zmeny,зміни
boku,бік
pošli,відправити
zobuď,прокинутися
dr,доктор
frasier,Фрейзер
red,червоний
hrali,вони грали
láske,любов
dôvodov,причини
večierok,вечірка
dýchaj,дихати
lepšia,краще
stan,намет
spojených,підключений
hádaj,вгадати
ženská,жіноча
talent,талант
zjesť,їсти
akokoľvek,проте
spala,вона спала
zachránili,збережено
party,партії
požičať,позичати
nepozeraj,не дивись
ostatnými,іншими
vták,птах
centre,центр
riadiť,диск
hľadali,шукали
podobne,так само
schopní,здатний
zvedavý,допитливий
what,що
ron,Рон
stene,стіна
nikým,ніким
vypadá,виглядає як
nehovoril,він не говорив
nestačí,недостатньо
zahrať,грати
ameriky,Америка
dôležitá,важливо
sally,Саллі
končím,Я закінчив
nepovedali,вони не сказали
kričať,кричати
harvey,Харві
chodím,Я гуляю
vlády,уряд
steny,стіни
alkohol,алкоголь
sorry,вибачте
vezmeš,візьмеш
dokážeme,ми можемо
smrdí,це смердить
katie,Кеті
bojí,боїться
hotový,зроблено
kopa,багато
vtáka,птах
čierna,чорний
vpred,вперед
všakže,проте
niles,niles
jess,Джес
pohreb,похорон
vybrala,вона вибрала
julia,Юлія
dostalo,отримано
ničomu,ні до чого
nate,nate
kolená,коліна
detaily,деталі
čakáme,ми чекаємо
výskum,дослідження
šťastní,щасливий
žila,вона жила
zmiznúť,зникнути
odpovedz,відповідь
nedostane,не отримає
bombu,бомба
týždňa,тижня
sk,ск
chodili,вони йшли
naučila,вона вчила
hladná,голодний
lietať,літати
pracujeme,ми працюємо
svedok,свідок
nehovorte,не розмовляй
policajtov,поліцейські
nebojím,Я не боюся
akcie,дії
vyhrali,вони перемогли
nezdá,це не здається
štátov,держави
bonnie,Бонні
rock,рок
dofrasa,до біса
vracia,повертається
merlin,Мерлін
naším,наш
ukazuje,шоу
lord,лорд
nenapadlo,не думав про це
eh,ех
problémom,проблема
ukončiť,припинити
zlo,зло
kilometrov,кілометрів
bohom,Богом
poslednom,останній
pacient,пацієнт
nedokázal,він не міг
zbraňou,зброя
utekať,тікати
predstavenie,продуктивність
nebezpečný,небезпечний
vravia,кажуть вони
be,бути
bývalý,колишній
dokážu,вони можуть
postavil,побудований
operácia,операція
hodil,кинув
diabol,диявол
prídete,ти прийдеш
vážim,я ціную
lekár,лікар
katherine,Кетрін
he,хех
ostatným,до інших
filmu,фільм
klub,клуб
sladké,солодкий
vlastných,власні
zástupca,представник
dinozzo,діноццо
zatknutý,заарештований
nepotrebujeme,нам не потрібно
libier,фунтів
kamarátka,друг
príjemné,приємний
vybrali,вони вибрали
rozhodnutia,рішення
sever,північ
moci,потужність
hotové,зроблено
výpoveď,відставка
rick,Рік
tričko,футболка
vydať,видати
fantastické,фантастичний
nepočula,вона не чула
caroline,Кароліна
malej,маленький
svadba,весілля
takom,як то
vyskúšať,спробувати
smiech,сміх
nepotrebuješ,тобі не потрібно
rýchlosť,швидкість
vyber,вибір
dohromady,разом
nohami,ноги
strážnik,констебль
pracujete,ви працюєте
opakujem,Я повторюю
planétu,планета
hnev,гнів
tuto,цей
záležitosti,справи
skupinu,група
šance,шанси
jemu,до нього
dúfajme,будемо сподіватися
nepôjdem,Я не піду
nevráti,не повернеться
donna,Донна
povieme,ми скажемо
pozíciu,положення
vydatá,одружений
vieru,віра
odchod,відправлення
čierne,чорний
akom,як
úroveň,рівень
malých,маленькі
priprav,підготувати
dievčaťom,дівчата
neurobím,Я не буду
chutí,смаки
nepriateľ,ворог
telefonát,телефонний дзвінок
bezpečnosti,безпеки
drahé,дорогий
obyčajný,звичайний
požiadala,— запитала вона
ránko,ранок
veríte,ти віриш
vypnúť,вимкнути
pozrieme,ми побачимо
vyhodili,звільнений
žiadosť,запит
holly,падуб
súde,суди
vam,тобі
kôň,кінь
dozvedel,дізнався
porozprávam,я буду говорити
misia,місія
nemôžme,ми не можемо
potešenie,задоволення
dajme,ходімо
dokázala,вона це довела
vyjde,це виходить
zistí,з'ясовує
vína,вино
hlúposť,дурість
pravdaže,звичайно
polícii,поліція
lenže,але
získali,вони отримали
zaplatím,Я заплачу
vlastného,власні
pokračuje,продовжується
účty,облікові записи
poňatia,концепції
blair,Блер
nahlas,вголос
býval,звикли
chodíš,ти ходиш
riziko,ризик
víťazstvo,перемога
baru,бар
nazval,він закликав
pritom,одночасно
chodila,вона йшла
službu,обслуговування
zároveň,одночасно
zabudli,вони забули
pláži,пляж
chýbaš,ти пропав
preložila,— переклала вона
kiežby,бажаю
samého,себе
čeliť,до обличчя
nehovorí,він не говорить
tuším,Я здогадуюсь
rádio,радіо
pomohlo,це допомогло
poznali,вони знали
našimi,наш
klobúk,капелюх
farby,кольори
cením,я ціную
vyhodil,викинув
leo,лев
zlého,погано
dakujem,дякую
zlatý,золотий
vegas,Вегас
vysvetlím,Я поясню
prasa,свиня
spokojný,задоволений
vysoký,високий
vyzerala,вона подивилася
chýbal,був відсутній
zásoby,припаси
laura,Лаура
naštvaná,засмучений
zastavili,вони зупинилися
momente,момент
načase,вчасно
čakáš,ти чекай
čítala,вона читала
maria,Марія
čistá,чистий
pohárik,стакан
kariéru,кар'єра
letisko,АЕРОПОРТ
detektívka,детектив
dobrým,добре
noha,нога
vytiahol,витягнув
dieru,отвір
beth,Бет
šéfa,бос
nezmysel,нісенітниця
falošné,підробка
nedeľu,неділя
povedia,скажуть вони
zistím,Я з'ясую
pracujú,вони працюють
penny,копійки
nesprávne,неправильно
poklad,скарб
vyšiel,він вийшов
da,так
firmy,компаній
svedkov,свідки
ponáhľaj,поспішайте
vinný,винним
novinách,газети
chudák,бідний чоловік
okolností,обставини
doľava,ліворуч
vydržať,терпіти
bezpečne,безпечно
vplyv,вплив
neveríš,ти не віриш
kiež,будь ласка
dych,дихання
ukradli,вкрали
láskou,з любов'ю
misiu,місія
ukázala,вона вказала
bezpečnostné,безпеки
milujú,вони люблять
zbožňujem,я обожнюю
ušiel,втік
can,може
novým,новий
marcus,Маркус
umrieť,померти
km,км
jones,Джонс
vadiť,турбувати
chodia,вони ходять
hráš,ти граєш
zvládnuť,обробляти
julie,Джульєтта
dokážete,ви можете
nora,нора
brániť,захищати
ber,взяти
včas,вчасно
smutný,сумний
premýšľať,думати
nas,нас
čisto,чисто
knihe,книга
partnera,партнер
štetka,пензлик
vecami,речі
manželku,дружина
dievčat,дівчата
zabíjať,вбивати
takej,такий
uhni,геть
dôležitejšie,важливіше
diery,отвори
fľašu,пляшка
šek,перевірити
dosiahnuť,досягти
roger,зрозуміло
jen,просто
inému,до іншого
tašku,сумка
správna,правильно
pomoci,допомогти
starosť,заклопотаність
fungovalo,це спрацювало
blízkosti,близькість
vášmu,твоя
boji,боротися
ľad,лід
rakovinu,рак
zavolá,подзвонить
nachádza,знахідки
prakticky,практично
naň,на нього
budova,будівля
sara,Сара
podmienky,умови
inými,іншими
nejakom,якось
piče,сука
mačka,кішка
bežať,бігти
verejnosti,громадськості
tadeto,тут
extra,додатковий
múdry,мудрий
lois,Лоїс
pusť,відпустити
nevadilo,це не мало значення
hotová,зроблено
bratranec,двоюрідний брат
začnite,почати
divný,дивно
veľkom,великий
bohatý,багатий
istú,певний
casey,Кейсі
veľkých,великі
úteku,втеча
dcérou,дочка
firma,компанії
peniazmi,гроші
vesmíre,Всесвіт
úrad,офіс
schôdzku,зустріч
rokom,рік
vypočuť,слухати
zabíja,вбиває
doprava,транспорт
stanice,станція
beckettová,Беккет
povinnosť,зобов'язання
stretnutia,зустрічей
ostrove,острів
rory,Рорі
červená,червоний
with,з
navrhujem,Я пропоную
vzrušujúce,захоплюючий
kurz,курс
anne,Енн
dostatok,досить
zastreliť,стріляти
dávajú,вони дають
otvoril,відкрито
svadbe,весілля
búrka,шторм
mas,у вас є
kang,канг
sleduje,спостерігає
budovu,будівля
vybaviť,обладнати
prsia,грудей
novom,новий
nanešťastie,на жаль
životov,життя
armádu,армія
tae,тае
večeri,вечір
divne,дивно
poznala,вона знала
vesmír,Всесвіт
black,чорний
up,вгору
zostaneš,ти залишишся
telefónu,телефон
fotka,фото
johna,Джон
leží,брехня
kúpim,Я куплю
pojeb,до біса
larry,Ларрі
tisíce,тисячі
nebi,небо
nerobil,він цього не зробив
zabudnite,забудь це
medzitým,тим часом
kapitána,капітан
chlapcom,хлопці
rebecca,Ребекка
andrew,Андрій
svetu,світ
neprišla,вона не прийшла
nasledovať,слідувати
crane,кран
bratovi,брат
vhodné,відповідний
big,великий
futbal,футбол
nenechaj,не дозволяй
plyn,газ
know,знати
hannah,Ханна
starú,старий
vstaň,встати
bojoval,він воював
objaví,з'явиться
nášmu,наш
sieť,мережі
kostola,церква
stenu,стіна
prineste,принести
zabiješ,ти вб'єш
pokúsim,Я спробую
udalosti,події
mieri,цілі
nápady,ідеї
informácií,інформації
nerozumieš,ти не розумієш
audrey,Одрі
stráže,охоронці
nedokážeš,ти не можеш
žiadnych,немає
kamoši,друзі
motor,двигун
počasie,погода
pochádza,походить з
nosí,носить
armáde,армія
pevne,міцно
odíde,він йде
oproti,протилежність
aah,ааа
domova,додому
pozvať,запросити
cťou,з честю
najal,найнятий
pomyslel,— думав він
biť,бити
úloha,завдання
mysle,розум
jedinú,єдиний
trhu,ринку
počet,розраховувати
taxík,таксі
centrum,центр
vymyslel,винайшли
bejby,немовлята
pomóc,допомогти
informáciu,інформації
synovi,син
zavolali,вони дзвонили
slovami,зі словами
zvierat,тварини
prach,пил
oco,тато
zvládneme,ми можемо керувати
pacientov,пацієнтів
šoférovať,водити
piatich,п'ять
bývam,я живу
držím,Я тримаю
vinu,почуття провини
bravo,браво
rana,рана
pole,поле
podvod,шахрайство
samovraždu,самогубство
londýne,Лондон
rozprávala,вона говорила
vysokú,висока
nohách,ноги
brány,ворота
nepriateľov,вороги
lesa,ліс
objavili,виявлено
operácie,операції
r,r
kancelária,офіс
červený,червоний
el,ел
totiž,а саме
pokúšal,він намагався
dostaňte,отримати це
rodičom,батьки
prirodzene,природно
názov,назва
domáce,вітчизняні
novinky,новини
pekle,пекло
tretej,третій
kabát,пальто
ľuďoch,людей
zrušiť,скасувати
blbý,дурний
jeremy,Джеремі
ináč,інакше
catherine,Катерина
odpusť,пробачити
perfektný,ідеальний
použi,використовувати
svedka,свідок
zavrieť,закрити
dňoch,днів
zatknúť,арештовувати
bezo,без
londýna,Лондон
chod,курс
klient,клієнт
dokonalý,ідеальний
istotu,визначеність
nepočujem,Я не чую
nedeje,не відбувається
chvíľa,момент
záchranu,порятунок
maggie,Меггі
cely,клітини
nespomínam,Я не пам'ятаю
carrie,Керрі
hovorte,говорити
úmysle,намір
one,вона
dotknúť,торкатися
rozmýšľam,Я думаю
nastúp,підійти
mýliš,ти помиляєшся
toby,тобі
posledného,останній
vypni,вимкніть це
min,хв
priniesli,вони принесли
dohodnuté,узгоджено
slabý,слабкий
pištoľ,пістолет
dedko,дідусь
šialená,божевільний
pasca,пастка
pôjdu,вони підуть
rozprávam,я розмовляю
this,це
amerika,Америка
dovolenku,відпустка
zákona,закону
chlapovi,до хлопця
súčasť,компонент
taylor,Тейлор
podpísať,підписувати
upokojte,заспокойся
vyžaduje,вимагає
zlú,погано
bla,бла
zvlášť,окремо
hlavné,основний
urobia,вони зроблять
dvadsať,двадцять
hlásenie,звітність
odídeš,ви йдете
mitch,Мітч
most,міст
koľkokrát,скільки разів
dôveru,довіра
bozk,поцілунок
agenti,агентів
najmä,особливо
súdu,суд
gary,Гері
výsledok,результат
nestojí,воно того не варте
nádhera,краса
bordel,безлад
spomaľ,уповільнити
utorok,вівторок
napadol,напали
návrat,повернення
spôsobil,спричинений
prst,палець
mat,мат
kontrolovať,контролювати
tma,темрява
spoznala,впізнала вона
zvykol,звикли
takúto,як це
agenta,агент
hluk,шум
jednoduchšie,легше
otázkou,із запитанням
okna,вікна
prestala,вона зупинилася
monštrum,монстр
zbabelec,боягуз
viedol,вів
take,так
sestrou,сестра
snažíte,ви спробуйте
ulicu,вулиця
situácie,ситуації
špeciálny,спеціальні
zájsť,йти
použili,вони використовували
robotu,робот
dverách,двері
rozišli,вони розлучилися
plnú,повний
mladé,молодий
angeles,Анджелес
ponuka,пропозиція
tromi,три
úlohy,завдання
káva,кава
dylan,Ділан
strede,в середині
skrátka,коротше кажучи
chystám,Я збираюся
zadrž,утримувати
doug,Дуг
vecou,річ
nedostaneš,ти не отримаєш
začnime,давайте почнемо
skrýva,ховається
dobrej,добре
nervózna,нервовий
skočiť,стрибати
ponúkol,він запропонував
kráľom,король
psov,собаки
bolieť,боляче
oddelenia,відділів
zatkli,заарештований
arthur,Артур
infarkt,інфаркт
kokot,лиска
taky,теж
veľkou,великий
vek,вік
hostí,гостей
úder,удар
zdravý,здоровий
zlaté,золотий
zničí,знищить
radosťou,з радістю
charlotte,Шарлотта
tvrdý,важко
nešiel,він не пішов
postav,фігура
storočia,століття
hlad,голод
verila,вона вірила
naveky,назавжди
tadiaľ,там
prosim,будь ласка
zabrániť,запобігти
skvelo,чудово
rýchly,швидко
g,пан
krava,корова
angela,ангел
neďaleko,поруч
rešpekt,повага
alibi,алібі
kyle,Кайл
joo,так
uvedomila,вона зрозуміла
jediným,єдиний
niečomu,до чогось
žiadneho,немає
kara,пенальті
nechá,дозволять
stránku,сторінки
spánku,сон
paige,Пейдж
vľavo,зліва
babka,бабуся
slobodný,неодружений
dcére,дочка
zmizli,вони зникли
hodinou,годину
pýtala,— запитала вона
hrozná,жахливий
hľadala,вона шукала
druhu,вид
nebezpečenstve,небезпека
hong,hong
živého,живий
vedúci,керівник
omyl,помилка
vyšlo,це вийшло
znamenalo,мав на увазі
štvrtok,четвер
linda,Лінда
štyria,чотири
položiť,покласти вниз
potichu,тихо
mária,Марія
pan,пан
počúvaš,ти слухаєш
prestali,вони зупинилися
varovať,попередити
vyspať,сон
mesiaca,місяць
dátum,дата
nepríjemné,неприємний
daphne,Дафна
zlých,погані
presvedčený,переконаний
stojím,Я стою
vlaku,поїзд
prázdne,порожній
neveril,— не вірив він
jennifer,Дженніфер
súťaž,змагання
sekundy,секунд
obľúbený,улюблений
nebo,небо
vražde,вбивство
podiel,частка
osoby,осіб
nočná,нічний спосіб життя
dokonalé,ідеальний
vrátia,вони повертаються
premýšľam,Я думаю
psy,собаки
adresa,адресу
hodí,підходить
greg,Грег
zasraný,облажався
nezabudnite,не забудь
plávať,плавати
posily,підкріплення
nenašiel,не знайшов
kontakte,контакт
vstúpiť,введіть
fanúšik,вентилятор
ellen,Елен
stôp,ноги
počkáme,ми будемо чекати
nádeje,надія
vďačný,вдячний
zdroje,ресурси
skvelú,чудово
známe,відомий
sľúbila,— пообіцяла вона
fred,Фред
sľúb,обіцянка
materiál,матеріал
ll,II
komplikované,складний
zničili,зруйновано
vyjsť,вийти
šéfka,бос
ničím,нічого
zariadiť,влаштовувати
poobede,у другій половині дня
ťažšie,важче
minútami,хвилин
han,Хан
jazdiť,диск
dával,дав
farba,колір
nahnevaná,злий
hodinami,години
uvidel,він бачив
out,поза
vajcia,яйця
smutná,сумний
vrchol,пік
rodney,Родні
postará,подбає
stredu,Середа
prinesie,принесе
obrázok,малюнок
ostane,залишиться
prdel,дупа
ethan,етан
vlastní,власні
spýtaj,запитати
zaujímať,інтерес
hrajú,вони грають
vytvorili,створений
plne,повністю
jak,як
vies,ви знаєте
používajú,вони використовують
konkrétne,конкретно
najesť,їсти
pozorne,ретельно
väčšiu,більший
ľudská,людини
večnosť,вічність
stromy,дерева
pilot,пілот
pozrela,вона подивилася
skurvysyn,сучий син
sestre,сестра
nemocnica,ЛІКАРНЯ
obliecť,одягатися
smiať,сміятися
krídla,крила
vytiahnuť,витягнути
priebehu,звичайно
kávy,кави
ďalšej,наступний
zmätený,збентежений
súhlasiť,погоджуватися
histórii,історії
em,ем
centra,центр
vypadnime,давай вибиратися
prvých,перші
odstrániť,видалити
výborné,відмінно
rieky,річки
vojsť,введіть
sviňa,свиня
takýchto,такий
korekcia,корекція
nehýbte,не рухайся
nádherne,красива
spôsoby,шляхи
úrovni,рівень
varovanie,УВАГА
choroba,захворювання
približne,приблизно
pauzu,пауза
zásah,втручання
priateľky,подруги
tvojimi,твоя
podozrenie,підозра
popravde,дійсно
heslo,пароль
privádza,приносить
dávaš,ви даєте
koncert,концерт
príklad,приклад
letisku,аеропорт
myslim,Я маю на увазі
riešiť,вирішити
loptu,м'яч
spôsobiť,викликати
sledovali,спостерігали
pobozkať,цілувати
čakaj,чекати
marty,березень
vošiel,він увійшов
kostole,церква
jacob,Джейкоб
brána,ворота
členom,членів
stopa,трек
sledujte,годинник
začneš,ти починаєш
dôkazov,докази
veľkosť,розмір
dúfala,вона сподівалася
vstup,запис
akékoľvek,будь-який
eun,eun
dispozícii,доступний
duchov,духів
baba,дитина
firmu,компанії
den,день
zomrieme,ми помремо
motív,мотив
lietadle,літак
nepotrebuje,не потребує цього
hodnotu,значення
ľutovať,жаль
sendvič,бутерброд
stanica,станція
dne,день
hory,гори
banda,пучок
bomby,бомби
stretnutí,зустрічей
mýlil,він помилявся
stupňov,ступенів
stephen,Степан
skrývať,приховати
súhlasil,він погодився
niekoľkých,кілька
cas,час
starosta,міський голова
palubu,колода
wayne,Вейн
stratený,втрачено
krása,краса
úlohou,завдання
vysvetľuje,пояснює
vyhnúť,щоб уникнути
dôchodku,пенсія
nemysli,не думай
mamka,мама
pizzu,піца
spravodlivosti,справедливість
kamene,каміння
srdcom,серце
americký,американський
skrz,через
rovnakú,те саме
mladí,молодий
vzdal,здався
okamih,момент
zlomil,зламався
senátor,сенатор
obvykle,зазвичай
jordan,Йорданія
vpravo,праворуч
veria,вони вірять
st,св
prítomnosť,наявність
umrel,він помер
kožu,шкіри
planéta,планета
vnútra,всередині
victor,Віктор
najvyšší,найвищий
obzvlášť,особливо
jae,так
najväčšia,найбільший
ublížil,боляче
vyhrala,вона перемогла
fuk,лайно
pohnite,рухатися
zaberie,візьме
dovolil,дозволено
dnešok,сьогодні
nečakal,він не очікував
plno,повний
ostáva,залишається
tabletky,таблетки
nadšený,схвильований
pamätajte,запам'ятати
neni,це не так
uniesli,викрадений
úbohé,жалюгідний
barry,Баррі
polnoci,опівночі
spoznali,вони впізнали
jednému,до одного
teória,теорія
pacienta,пацієнт
väčšia,більший
slova,слова
vyše,вище
ci,ci
služba,обслуговування
farbu,колір
slzy,сльози
max.,макс.
bratov,брати
bojovník,воїн
prebrať,взяти на себе
mladých,молодий
are,є
skupine,група
pravú,правильний
obdobie,період
odmietol,він відмовився
zložité,складні
áut,автомобілі
spadla,вона впала
spýtam,я запитую
nočné,нічний спосіб життя
hrdá,гордий
ranu,рана
vymeniť,обміняти
nehodu,нещасний випадок
zámok,замок
chvíľou,за мить
štát,стан
scenár,сценарій
krvou,кров
olivia,Олівія
policajta,поліцейський
reštaurácie,ресторани
telefónne,по телефону
akosi,якось
hrám,я граю
výhľad,переглянути
vela,багато
priateľovi,до друга
úvahy,міркування
ukradla,вона вкрала
trh,ринку
uvedomuješ,ти розумієш
správach,повідомлення
členov,членів
carol,Колядка
miles,миль
roy,Рой
nevšimol,не помітив
učil,навчив
tovar,товарів
zastaví,зупиняється
model,модель
juh,південь
vyraziť,відправлятися в дорогу
syr,сир
seriem,серії
pustil,він відпустив
nevyhnutné,необхідно
kom,ком
yoon,Юн
priznal,— зізнався він
verili,вони вірили
konať,діяти
obetí,жертви
les,ліс
istom,напевно
nanič,безрезультатно
sústreď,концентрат
sexuálne,сексуально
úbohý,жалюгідний
odchádzaš,ти йдеш
chlieb,хліб
démon,демон
zobudil,прокинувся
hee,хі
perfektne,ідеальний
zabite,вбити
dôvody,причини
skurvené,облажався
gwen,Гвен
nepriateľa,ворог
povedat,сказати
člen,член
dievčaťa,дівчина
eva,Єва
helen,Хелен
prehliadku,тур
domom,додому
harper,арпер
ricky,Рікі
trieda,клас
mačky,коти
padaj,впасти вниз
obrovská,величезний
bruce,брюс
technicky,технічно
kosť,кістка
pridaj,додати
just,просто
zarobiť,заробляти
pripadá,падає
dokumenty,документів
obľúbená,улюблений
internet,Інтернет
dohody,угоди
nam,нас
wendy,Венді
stála,вона стояла
postavili,вони побудували
jedinou,єдиний
vysokej,висока
neuveriteľne,неймовірно
nedám,не дам
nepozná,він не знає
akí,що
happy,щасливий
wilson,вілсон
povinnosti,зобов'язання
jednoznačne,однозначно
chyťte,зловити це
hlasy,голоси
kamaráta,друг
venovať,присвятити
západ,захід
prechádza,проходить
prípady,випадків
akcia,дію
písal,написав
prekliate,проклятий
prináša,приносить
manželom,чоловік
drobné,маленький
chces,ти хочеш
ťah,рухатися
bytosti,істоти
úprimná,щирий
ťažká,важкий
pravidiel,правил
krátko,коротко
hodina,годину
pozície,позиції
kňaz,священик
p,пан
nedostatok,відсутність
opakovať,повторити
zákony,закони
existovať,існувати
kuchyne,кухня
obávať,хвилюватися
vidia,вони бачать
ľudskej,людини
mori,море
beží,працює
jin,Джин
roz,дистр
násilie,насильство
vystrašený,наляканий
veľkosti,розміри
zaslúžiš,ти заслуговуєш
l.a.,л.а.
vymyslieť,винаходити
stránky,сторінки
väzenie,в'язниця
nastal,сталося
začínajú,вони починають
prstov,пальці
spojené,підключений
vzťahy,стосунки
horí,воно горить
zavraždený,убитий
pozdrav,вітання
vystopovať,вистежити
predávať,продавати
derek,Дерек
zariadenia,пристроїв
eli,eli
rovnakej,те саме
spôsobuje,причини
silou,силою
diera,отвір
programu,програма
tiez,теж
junior,молодший
chýbala,вона пропала
jedol,їв
nenávidí,він ненавидить
medveď,ведмідь
oliver,Олівер
jesse,Джессі
američania,американці
starec,старий чоловік
pero,перо
zmizne,зникає
úplný,повний
ďalším,інший
soo,так
dohodnúť,погоджуватися
labáku,лабак
scotty,скотті
terry,Террі
dobrom,добре
hýbať,рухатися
west,захід
dediny,сіл
marie,Марі
podme,піді мною
vynikajúce,відмінно
pokúsiť,спробувати
nevrátim,Я не повернусь
percent,відсотків
zamestnancov,працівників
istej,впевнений
spoločného,поширений
ledva,ледве
smith,коваль
dookola,навколо
zoženiem,Я його отримаю
podať,подати
výbuch,вибух
mnohí,багато
rodičmi,батьки
okná,вікна
nula,нуль
howard,Говард
dážď,дощ
krátky,короткий
trikrát,тричі
obvinenia,звинувачення
vravíte,ти кажеш
doktorom,лікар
starí,старий
jonathan,Джонатан
sprostý,непристойний
modré,блакитний
zábavy,розваги
južnej,південний
zbytočné,непотрібний
ustúp,відступ
najhorší,найгірший
utiekla,вона втекла
strechu,дах
nedáš,ти не можеш
pripravil,підготовлений
mieru,спокій
doktorovi,до лікаря
girl,дівчина
uži,насолоджуватися
zbláznila,вона збожеволіла
basy,бас
serena,Серена
paríži,Париж
čarodejnica,відьма
mamička,мати
univerzite,університет
postaraj,піклуватися
potreby,потреби
nebezpečenstvo,небезпека
príďte,давай
štátu,держави
ženami,жінками
strýka,дядько
dieťaťom,дитина
subtitles,субтитри
skúsil,він намагався
dones,принести
útek,втеча
sedím,я сиджу
king,король
pulz,пульс
prázdny,порожній
pôsobivé,вражає
osobný,особистий
priateľstvo,дружба
hráč,гравець
životu,життя
vlastným,власні
snov,мрії
nancy,Ненсі
sandy,піщаний
skutočnosť,факт
znelo,прозвучало
nazýva,він називає це
krista,Христос
prejav,мова
martha,Марта
odpad,відходи
človeku,людина
kamoško,приятель
zlí,погано
pas,паспорт
ukázali,вони показали
čaute,до побачення
ziva,живий
mäsa,м'ясо
bojovali,вони билися
blahoželám,вітаю
slávny,відомий
but,але
druhy,інші
urážky,образи
peknú,приємно
reštaurácii,ресторан
guľka,куля
nezvyčajné,незвичайний
minister,міністр
zmysle,значення
závisí,це залежить
stoja,вони стоять
potuchy,підказка
napokon,адже
nedostaneme,ми не отримуємо
zaujímavý,цікаво
nathan,Натан
zamilovaný,закоханий
tym,цим
stráž,сторожовий
ludia,людей
udalosť,подія
múdre,мудрий
vedomie,свідомість
denník,щоденник
walt,Уолт
vyšetrovania,розслідування
požiar,вогонь
nepamätáš,ти не пам'ятаєш
kroky,кроки
narazil,натрапив на
body,балів
hanba,сором
kamarátov,друзі
sestrička,медсестра
time,час
nedostanem,Я не розумію
mulder,Малдер
obeťou,жертва
pýta,— запитує він
pozvala,запросила вона
b.,b.
naokolo,навколо
svadby,весілля
popoludnie,полудень
nablízku,поруч
rieke,річка
kolo,круглий
zisti,дізнатися
očakávať,очікувати
nešlo,це не спрацювало
get,отримати
ved,наука
priateľkou,подруга
tréning,навчання
všimla,помітила вона
posiela,надсилає
časoch,разів
poznámky,примітки
hrala,вона грала
poplach,тривога
silnejšie,сильніше
internete,Інтернет
nepovie,він не скаже
walker,ходунки
duchovia,духів
svätý,святий
penis,пеніс
kozy,кози
počúval,він слухав
berte,взяти
rozlúčiť,попрощатися
položte,покласти вниз
žiadni,немає
ostal,він залишився
skontroluj,перевірити
mac,мак
zjedol,їв
najdôležitejšie,найважливіше
cestovať,подорожувати
ryba,риба
srať,лайно
vyčistiť,прибирати
never,не вірте
božemôj,Боже мій
zbraňami,зброї
had,змія
dôverovať,довіряти
šéfom,бос
zatvorené,ЗАЧИНЕНО
službe,обслуговування
vydala,видається
odpustiť,пробачити
slečnu,Міс
vedenie,управління
absurdné,абсурд
manažér,менеджер
stretnem,я зустріну
podpis,підпис
dennis,Денніс
rovnaká,те саме
pohľadu,переглянути
like,як
odznova,знову
skok,стрибати
predstavujem,Я представляю
milosť,благодать
schodoch,сходи
píš,писати
podozrivého,підозрюваний
lov,полювання
žalúdok,живіт
síl,сила
zábavný,смішно
odíďte,залишити
kúpili,вони купили
obľúbené,улюблений
dopadne,виявляється
betty,Бетті
chystáš,ви плануєте
alarm,тривога
zohnal,отримав це
vysoká,висока
slúžiť,служити
nezabudnem,Я не забуду
starká,стара жінка
následky,наслідки
prestávku,перерва
energia,енергії
bohovia,боги
nezmení,не зміниться
krvácanie,кровотечі
prežitie,виживання
bytosť,буття
neger,негр
zdvihnúť,підняти вгору
postup,процедура
vysoké,висока
porno,порно
pery,губи
patty,пиріжок
trávu,трава
lodí,кораблі
minulých,минулі
drevo,деревина
tábor,табір
nejakí,деякі
tajnosti,таємниці
narodila,народився
minimálne,принаймні
zničila,зруйновано
dovi,dovi
kura,курка
mapu,карта
cele,клітини
niekoľkými,кількома
oboje,обидва
platia,вони платять
skutočnú,справжній
symbol,символ
akých,який вид
rozumel,зрозумів
žiada,— запитує він
robte,робити
falošný,підробка
nepôjdeš,ти не підеш
tlač,преса
odmenu,винагорода
preňho,для нього
straty,втрати
hocikto,хто завгодно
prekvapená,здивований
oznámiť,оголосити
edward,Едвард
kôli,навколо
x,х
doktori,лікарі
umenia,ст
drog,ліки
klienta,клієнт
výročie,ювілей
majiteľ,власник
dedo,дідусь
vlk,вовк
opatrná,обережний
pohotovosť,надзвичайна ситуація
chaos,хаос
sladký,солодкий
linke,лінія
predstavte,уявіть собі
viera,віра
ist,іст
silnejší,сильніше
neporiadok,безлад
jessica,Джессіка
misie,місія
popoludní,у другій половині дня
ceny,ціни
šialenstvo,божевілля
činy,дії
úradu,офіс
kontroly,елементи керування
svedkom,свідок
bavili,їм було весело
podrž,утримувати
základňu,база
balík,пакет
biela,білий
dana,дано
dlh,борг
postaral,подбав про
voľné,безкоштовно
patria,вони належать
naživo,жити
zradca,зрадник
dozvedieť,дізнатися
bral,взяв
nemusela,їй не довелося
malým,маленький
nemaj,не мають
odznak,значок
rolu,роль
tému,тема
nesedí,це не підходить
tajný,секрет
obchody,магазини
dnešný,сьогоднішній
bitka,бій
postoj,ставлення
artuš,Артур
súkromný,приватний
sophie,Софі
posadnutý,одержимий
dokonale,ідеально
šampanské,шампанське
herec,актор
držia,вони тримають
odlož,відкласти
chorobu,захворювання
najlepšieho,найкращий
pomáhal,допоміг
volaj,дзвінок
druhým,за другим
tip,чайові
xena,ксена
paríža,Париж
údaje,даних
žiadať,попросити
bláznivé,божевільний
častiach,частин
zemou,землею
donesiem,Я привезу
zbytočne,без потреби
zmrzlinu,морозиво
niesom,я ні
skryť,приховати
strávila,витрачено
fakty,факти
nehode,аварія
berú,вони беруть
telke,телевізор
píšem,Я пишу
menší,менше
chlapcovi,до хлопця
zoe,зої
tvrdia,вони стверджують
extrémne,надзвичайно
súdny,судовий
neurobili,вони цього не зробили
vážny,серйозний
piatimi,на п'ять
zlez,зійти
výkon,продуктивність
zaplatí,заплатить
horúce,гарячий
vychádza,виходить
cooper,бондар
carter,візник
poznajú,вони знають
určité,певний
zničený,зруйновано
pil,випив
zostaneme,ми залишимося
pusu,поцілунок
lepšiu,краще
nejdeme,ми не йдемо
malom,маленький
cítili,вони відчували
slečny,Міс
opustili,вони пішли
žartujem,Я жартую
pozerala,вона спостерігала
trpezlivosť,терпіння
zabitie,вбивство
emócie,емоції
nestrieľajte,не стріляй
hoď,кинути
strih,вирізати
obyčajne,зазвичай
ex,пр
francúzska,Франція
zvládol,він впорався
vrecku,кишеню
zvuky,звуки
rukavice,рукавички
telku,телевізор
heather,верес
ibaže,крім
chrbte,назад
hotovosti,готівкою
vyhrá,переможе
legálne,законно
viny,почуття провини
takomto,як це
kópiu,копія
dielo,працювати
veda,наука
vzorky,зразки
očakáva,очікує
najlepšiu,найкращий
vole,чувак
russell,Рассел
páčil,сподобався
strašidelné,страшно
fíha,фу
pozornosti,уваги
zastavím,я зупинюся
vážení,дорогі
pustili,вони відпустили
ležať,лягти
idioti,ідіоти
tíme,команда
kože,шкіра
vládu,уряд
obvinený,обвинувачений
začíname,ми починаємо
takáto,як це
mladého,молодий
francúzsky,французька
ocka,тато
guľku,куля
hodine,годину
miami,Маямі
nechajme,давай залишимо це
súhlas,згода
scénu,сцена
užite,насолоджуватися
nesmieme,ми не повинні
otvorený,ВІДЧИНЕНО
pochopila,вона зрозуміла
zamknuté,заблокований
diane,події
starostlivosť,догляд
padáka,парашут
smer,напрямок
dňom,день
severnej,північний
stojíš,ти стоїш
informovať,інформ
špinavé,брудний
frajer,чувак
prehral,він програв
výborný,відмінно
ktovie,хто знає
oka,око
čurák,член
barb,борідка
pravdy,правда
base,база
opýtal,запитав він
vajíčka,яйця
barney,Барні
predstava,уява
rozmýšľala,— подумала вона
naviac,крім того
rovnakom,те саме
poriadny,належне
kráľovstvo,королівство
kecy,фігня
prestane,зупиниться
osamelý,самотній
darčeky,подарунки
bavíme,ми веселимося
nenávidieť,ненавидіти
ľudstvo,людство
kanceláriu,офіс
umyť,мити
roboty,роботів
piesne,пісні
inam,в іншому місці
hlavná,основний
skurvená,блядь
zastavila,вона зупинилася
variť,готувати
dopadlo,виявилось
získala,вона отримала
tetovanie,татуювання
tábora,табір
nepočuli,вони не чули
sammy,Семмі
pochybnosti,сумніви
susedia,сусіди
šialene,божевільний
zranenia,травми
neprišli,вони не прийшли
snaž,спробувати
správaš,ви керуєте
michaela,Майкл
bastardi,сволочі
streche,дах
objavila,вона виявила
telom,тіло
načas,вчасно
zomrú,вони вмирають
te,ти
zub,зуб
mladší,молодший
hodinách,години
televízii,телебачення
cass,cass
otočiť,обернутися
berieme,ми беремо
dovolíte,ви дозволяєте
there,там
lúpež,пограбування
legenda,легенда
titul,назва
pokúšam,Я стараюсь
slepý,сліпий
míle,миль
bieleho,білий
tretia,третій
leon,леон
todd,Тодд
gonna,збираюся
premýšľala,— подумала вона
letieť,літати
pláž,пляж
kusy,штук
spustiť,бігати
zradil,зрадив
božie,Бог
modrá,блакитний
odídeme,ми підемо
megan,Меган
príjemný,приємний
pásku,стрічка
podpísal,підписаний
milióna,мільйон
nepodarilo,не вдалося
poriadok,порядок
termín,крайній термін
rameno,плече
dvore,ярд
súkromné,приватний
zažil,досвідчений
zožeň,отримати це
priviedla,вона принесла
zabilo,це вбило
menia,вони змінюються
prinútiť,змушувати
krádež,крадіжка
oceňujem,Я ціную це
záhrade,сад
zvnútra,зсередини
vyrovnať,осідати
vhodný,підходить
desivé,страшно
carlos,Карлос
sanitku,швидка допомога
páľ,вогонь
prepínam,Я перемикаюся
right,правильно
j,j
prekrásne,красива
potvrdiť,для підтвердження
firme,до компанії
tme,темрява
sne,мрія
lano,мотузка
neber,не беріть
atlantis,Атлантида
vajce,яйце
možností,параметри
vtipný,смішно
najväčšie,найбільший
cigarety,сигарети
študent,студент
preukaz,пропуск
fajčiť,палити
hráme,ми граємо
nebezpečná,небезпечний
vystrašená,наляканий
banke,банку
akciu,дію
who,ВООЗ
nenechajte,не дозволяй
prázdna,порожній
samovražda,самогубство
chicago,Чикаго
prijali,прийнято
obrany,захист
volanie,виклик
ohľadne,щодо
hranicu,кордону
pyšný,гордий
odpustenie,прощення
zomiera,вмирає
zločinu,злочинність
záznamov,записи
ľudský,людини
jednotku,одиниця
ovocie,фрукти
domy,будинки
piatej,п'ятий
žiadal,запитав він
oddelení,відділів
margaret,Маргарет
prvým,перший
priveďte,принести
tieň,тінь
čoraz,все частіше
páčiš,тобі подобається
nerada,їй це не подобається
novín,газета
zaplatili,вони заплатили
lane,олень
skontrolujte,перевірити
babiek,бабусі
vašimi,твоя
nenávisť,ненависть
počítať,розраховувати
adrian,Адріан
obleč,одяг
vlasov,волосся
mágia,магія
objednal,замовив
humor,гумор
použila,вона використовувала
hýb,рухатися
spomenula,вона згадала
držíš,ви тримаєте
živé,живий
kruh,коло
najlepším,найкращий
masku,маска
naučili,вони навчилися
akýkoľvek,будь-який
now,тепер
whisky,віскі
chytrý,розумний
obrovskú,величезний
vystúpenie,продуктивність
bývaš,ти живеш
opatrní,обережний
pochopili,вони зрозуміли
žehnaj,благословляти
zakázané,заборонено
jar,Весна
vtáky,птахів
oddýchnuť,відпочивати
učiteľka,викладач
klientov,клієнтів
zoberieme,ми візьмемо
putá,наручники
tretie,третій
rakovina,рак
hrob,могила
vonia,це пахне
vrážd,вбивство
turné,тур
skúšku,екзамен
nina,Ніна
necítil,не відчував
mužmi,чоловіки
strávili,витрачено
zničené,зруйновано
vincent,Вінсент
presný,точні
dovolením,залишити
posral,облажався
vyhlásenie,заява
každých,кожен
necháte,ви йдете
tvrdil,він стверджував
troma,три
pýtate,ви запитаєте
nepoznal,він не знав
ve,в
najbližšie,найближчий
všetkej,все
postaráme,ми подбаємо
divadlo,театр
prial,він побажав
miestom,місце
dost,досить
randy,дати
lekára,лікар
kontrola,КОНТРОЛЬ
kníh,книги
ruby,рубін
známa,відомий
sneh,сніг
bývala,колись був
uisťujem,Я вас запевняю
takze,так
skončím,я закінчу
čin,діяти
lucifer,люцифер
tisícky,тисячі
najavo,відкрито
nohe,ноги
starým,старий
priveď,принести
sexu,секс
podnik,бізнес
vlny,хвилі
choré,хворий
banka,банку
bodov,балів
zničená,зруйновано
samú,поодинці
svetom,світ
nestretol,не зустрічав
rastie,зростає
starom,старий
vyrastal,виріс
nepáčilo,не сподобалось
ignorovať,ігнорувати
trpieť,страждати
národ,нація
ježiša,Ісус
obrázky,фотографії
ľahnúť,лягти
šikovný,розумний
taxi,таксі
vybavenie,обладнання
veríme,ми віримо
vpredu,попереду
identifikovať,ідентифікувати
systémy,системи
kolega,колега
kelu,листова капуста
kufor,валіза
vraciam,Я повертаюся
sledujú,вони спостерігають
zachráň,зберегти
was,був
povrch,поверхні
prípadov,випадків
bitky,битви
výške,висота
utrpenie,страждання
dospelý,дорослий
zábery,постріли
históriu,історії
stale,постійно
zaslúžil,він це заслужив
ross,рос
žijete,ти живеш
stromu,дерево
štvrť,квартал
uniesol,викрадений
agentov,агентів
šálku,чашка
pomôžete,ти допоможеш
slobodná,неодружений
odvoz,забрати
ohňa,вогню
peňaženku,гаманець
kašli,вони кашляли
pokrok,прогрес
romantické,романтичний
neuvidím,Я не побачу
pozeráte,ти дивишся
pasce,пастка
obom,вони обидва
hotovosť,готівкою
when,коли
alexander,Олександр
uzavrieť,закрити
ostala,вона залишилася
skúšky,іспити
študentov,студентів
policajný,поліція
nezastaví,не зупиниться
predáva,продає
pohotovosti,надзвичайні ситуації
leslie,ліси
systéme,система
voľby,вибори
dvanásť,дванадцять
znak,знак
padol,впав
výstrel,постріл
nepodarí,не вдасться
woo,вау
neznie,це не звучить
udrieť,вдарити
nesmiete,ви не повинні
sklo,скло
opak,навпаки
teóriu,теорія
opitá,п'яний
priezvisko,прізвище
zmrd,лайно
šalát,салат
jednoduchý,простий
zvedavá,допитливий
choroby,хвороби
prežila,вона вижила
volajte,дзвінок
gps,gps
ľud,народ
predstavil,введено
tučný,жиру
čaju,чай
zoznamu,список
kostým,костюм
znieť,звучати
upír,вампір
príležitosti,можливості
šoku,шок
štít,щит
menšie,менше
malí,маленький
prístroj,пристрій
choi,чой
pozerali,спостерігали
platím,Я плачу
modrý,блакитний
prejdeme,ми пройдемо
vyjadriť,експрес
vstúpte,введіть
dúfať,сподіватися
bacha,стережіться
plat,зарплата
ji,її